"Y","X1","X2","X3","X4"
0.577485397763066,0.479040622754918,-1.02967838956178,0.233909227837699,0.589991537459156
-1.21779636389556,0.614482097872251,-1.26249972947983,-0.627335338030794,0.616205113307099
1.22317687484187,0.0970129196140465,-0.464119231290847,1.94525651988996,0.208158081789822
-2.61272755327083,-0.211117422949935,-0.915972994563833,0.731568198427038,0.659427817172648
-1.29680650688392,1.38441232257165,-1.7178256946517,-1.636633306161,0.201227585515813
-0.34008059842541,0.646630810509208,-0.463555980163911,-0.331488693262295,0.0883411503973768
0.418075842406863,-0.525805261557047,1.16482816012776,1.51470669201962,1.78887392077891
-0.509423208999378,-0.539715647530988,0.813856676975735,-0.464159740502466,-0.641636397477707
-0.0444055590707088,-0.387065980441267,0.0385021845137067,1.29502848798538,1.55340260173466
-0.200995128880691,0.317288470332376,0.594811819546616,1.21158581810125,-1.00329265344607
-0.944643784420974,-0.703700205604039,0.883895606142533,0.0822643406141145,-1.02341369059113
0.685055423866314,0.79040664048273,-0.81162531761373,-0.085201980787766,-1.13225670388565
1.50382335745816,-1.46221707843423,0.643755533979454,1.54943701409968,-0.453704413792953
0.161852946527812,1.35813953552849,0.0646731197880048,0.347755919291274,-0.17060731486793
-0.0479075385023486,0.058744473834016,0.952048764144704,1.67226795728519,-0.749793174889553
-3.59906652702581,-1.31460149689723,-0.199537038776511,-0.203475457523898,-0.468161122061455
1.12246045022043,0.868702385173362,0.617285515782522,-0.108750510762873,0.300122607693609
0.464565879588556,0.0832168925628214,-0.872405613020129,-0.654094102258783,0.741547696971099
0.671416431552284,1.17023516466481,-1.09926936285091,-0.145911289461039,0.582303746446208
2.39886744711151,0.745590597650295,0.341052293044609,2.73027730743421,0.388786305261513
-1.16637699938581,-2.24612381925119,0.0515470088583708,-0.466611337539516,-0.587998620324081
1.5894059192601,1.3861324596268,-0.0306492264031381,0.400876355904024,0.77961311763477
2.72896535638329,1.31002229734832,0.765865990212379,1.1747086350811,0.921707595970498
-2.82034535494521,-0.0763229715845327,-0.222794556948173,-0.831065543375027,-0.721860246920804
0.621118056009734,1.15739989546605,-0.224902092958004,-0.117409651854723,-0.375677704663083
0.917455188311149,0.231991575498373,-1.07498428037217,1.00950821596916,-1.15801583229347
-3.2999448440727,1.16824040867926,-1.74083158623137,-1.91570180884392,-0.885275534827864
-0.227647602729585,-1.75467783731514,0.460007543124622,0.00251559824055053,-0.666765631732965
0.550183094738781,0.0198527227284251,-0.0488310345764073,2.26158862721283,-1.83225968483412
-0.813083449657569,-0.901573526267489,0.209528289010963,0.610261996419052,1.06895417578668
0.219125006335654,-1.75937623575285,1.75677409937499,-0.974959390320418,-0.141938471531957
-1.36693388308899,0.0102316183673239,0.689689216144003,0.500235279243946,-0.606449655507529
-0.852569081600368,-0.712193159951672,-0.240063144786219,-0.857415676793393,-0.105982695348349
1.40469701629322,-0.298889092702951,0.596510062380964,0.137260458377915,-0.0825315326845997
-0.602955414564139,-0.55224807020561,-0.407370148224481,0.424167643221158,0.0459540166662337
-1.57340611480866,-1.5859189305108,-1.05465621068728,0.850110543207345,-0.34289909994782
-0.213973781022675,-0.684834423673655,-1.2080803316243,-0.599369320457598,-1.8255473290025
-0.165248669898042,0.868375745500067,-0.614932018159758,0.0420281597504293,-0.0370162265811239
-1.64630977789228,-0.12823785993192,-2.63044235649548,-0.374901180444533,1.01963926993139
2.09243892929635,0.862672623407241,-0.745300869768962,-0.223417617710448,0.97981257181616
-0.304288081190878,0.337258507770447,-0.706331536883173,-1.22163285616735,-0.948760182032603
-1.26551549846468,0.752968062118182,-0.594035717221253,-1.22118179967177,-1.54543685975065
-1.21546761971352,0.167917645258666,-0.493475818445407,-1.44597741541975,0.468052741300304
0.195885314064148,-0.0595894276419848,0.138143353653554,0.676313690289568,-0.164188959416276
-0.971533650688001,-0.279737611703584,0.216374494691978,0.0786486955246553,0.700627498994395
0.747158494543694,1.40030561902375,-0.709485936894884,-0.992643296280672,-0.133569003182628
1.17411346040362,0.229856144187889,-1.43476290713753,0.804492800096553,1.17543264157766
0.870045362958727,0.549015967629533,0.371564957941794,1.22935125170315,-0.853899260119067
-1.47756941238511,0.0786188858272458,-1.01338419274384,-1.26370041995148,-0.279183700030213
-0.940783337068805,-1.288652390218,1.09732747407766,-0.45950489889007,0.0306993874450048
0.318963592583681,0.0382676669659332,-1.22790322374355,-0.462203084170851,0.997075364481955
-0.895957214724278,-0.385037837832306,0.0744499782390221,-0.344413928578178,-0.567749621182183
0.501047568198724,0.205038328778626,0.897886785803524,0.608980062473514,-0.361274215790257
-0.62856880191061,-1.71536418743561,0.852471968920667,1.15913168163291,-0.982584495877534
0.203969794979073,0.820528919729006,-0.495743673062368,0.366535239564989,-1.0791987060135
-0.0690715435369786,-0.374465876185054,0.645172769734857,-0.149684570398573,0.993983505724907
-1.97410087631589,-0.0887631631184461,-0.0418527578063816,-0.693096117991566,-0.564374163373536
0.797882792648651,1.32215661270792,-1.39238831274739,1.89328218899602,0.209272543184589
-0.799739016129244,0.561811525906637,-0.271199943644711,0.169975239478675,-0.0814989502216378
-0.206827701315424,0.426155124755823,-0.629253173026308,-0.153889940733842,-0.00523363752295455
-1.52758428314621,-0.44227742590491,-0.502630266603951,0.430152979826906,0.697047594475493
-1.98305284214646,-2.3692368914112,-0.493749814436163,0.134181549842489,-1.88897370708343
0.513416710478918,-0.579556949345814,1.75110632557092,-0.302287899133552,-0.452790499045507
-1.08402684177397,-0.0226437558923746,-1.24024639808222,-0.108588620312369,-1.31568603645293
-3.96791796038934,-2.16301978419588,-1.74671533926511,-1.81542065080181,-2.73401432100538
-1.10930494804763,1.45353750567926,-0.333804639619979,-1.84741187992875,0.878375530723308
0.614007898845886,-0.162069684914924,0.412638971002609,-0.527361541348339,0.367335175781563
0.503258460905853,-0.589036225467429,0.410819552429454,0.336778970431454,-0.496607643585583
1.36447491428088,2.00132217634855,1.14357121788181,-0.0196186736353711,0.365448573700642
0.363218594659242,0.622913605816301,-0.78234716562042,1.36058955652408,0.528807996156925
0.553593027402877,-0.960525154107796,1.67488575848712,0.987086948607461,-0.809703476713653
2.406036607312,0.642705004790664,-0.655069569908044,0.603332649445382,1.46303323132806
0.0903513181776223,-2.18450304207414,-0.105195385732508,1.11831401384015,0.542131158010372
0.550857797153341,0.649659160654638,0.478360401205915,1.86053285532178,-0.831587672379303
0.818160066189969,-0.447901058608725,-1.21513890358392,0.231030031043006,1.10090234276598
0.279096503159929,-0.401333967654055,-0.48178874114656,-0.348419652106235,0.116079312434846
0.336396165059527,-0.1508411247984,-1.51570822311833,-0.470679548708413,1.24509164493381
-0.896248357229483,0.00787709025861458,-1.23079639701736,-0.720075634996082,-0.374355429315564
-0.760214607880306,-0.387450851766128,0.411576895731347,0.915995918434408,1.52970589642931
2.25233773943789,1.86150940065963,1.21922272011863,0.0729209062118862,0.777841041824619
-2.21105455789242,-0.0545553832664384,0.234570731964505,-0.877723305432849,-0.969885337576079
-0.798733915141079,-0.116772382748934,-1.49421338223766,-0.994189661136939,0.250717203181973
0.452594947709455,0.384726670414965,0.355810587265724,-0.203566827159396,-0.880807387422019
-0.0737688613627479,-0.550920727891781,-0.248243071827348,2.28224106595778,1.02959480408429
0.11363180045178,1.31549947369354,-1.2105758999392,-0.309741610613975,-0.977566341015831
-0.100579771243246,-0.0603551736299613,-0.374455555264231,1.20265602772754,-0.0407070120489408
0.873143033985869,0.308795275352483,0.519960385266969,-1.11461498157312,-0.622765250715656
-0.784691226017683,0.0719349300189446,1.06436549377188,-1.13166273090488,-0.897459538238224
-1.5099594482978,-0.557278439877069,-0.933487296182859,0.268074677538934,1.36912837008854
0.462521998276572,0.176840068917247,-0.265306784300691,1.11308473232674,1.39372436049539
2.00404634086809,1.70122178652529,0.566193943704743,-0.555849912111319,0.165084535225951
1.91300098570323,-0.0970811271855596,-0.526864623611591,-0.47680457524177,0.692069320417296
-0.337286950293324,0.10030336811188,1.07842367280011,0.155312893668475,-1.29219059205204
1.06848261170369,-1.31230338250061,-0.0830252346951103,-0.228822654642806,-0.0811563132956048
1.82575849541105,-0.682649895908909,0.515206877575558,-1.32844478960317,1.6351429410758
1.30478945627163,0.022273016526687,-0.350636835771236,-0.0435002361661563,-0.162094943348443
1.05092204281541,0.105083275020187,0.609004219319271,1.3132641475493,0.129661039947611
1.11292823621761,0.34754312947277,1.12429115203493,-0.595056040251965,1.94691605708469
-0.160040446467853,-0.26948148880851,0.161555472488084,-1.67327424016732,1.05057959836445
0.262785881988921,1.31973923767764,-1.13462123626894,-0.363281513340708,-0.743776380819959
1.55451863929243,1.01816288478949,0.463091043781226,1.22774777196281,0.659785333340042
-0.502821279500712,-0.980018418365681,-0.245147258574933,-1.2279924033374,1.4947825410878
1.26606648064139,0.365607605764965,-0.587649806164571,0.273001377070823,1.75974230075042
-0.567751578174495,-0.490272928922992,0.738263271729882,1.37409959074029,-0.27405825755509
-1.0854874551368,-1.01803657170317,-0.841333161158768,1.12805150171055,-0.516211760907898
1.23149894148721,-0.3697250482265,2.09489215651733,-0.799404732236892,1.70650819909444
-2.14638755860104,0.198238947840936,-0.714691637020892,0.473462352639223,-0.592773107164291
1.21247328039546,1.53079825122456,-0.0129751604010711,0.933446640260824,1.27588025436071
-2.617283068251,-2.10177275395257,-0.615933136400355,0.583921651544955,-0.495734388199837
0.361351454258479,-0.539735731767772,2.14592012036462,-0.198070223975513,0.657891311216963
-0.939254171517616,0.000281687169036537,-0.294824926749542,-1.25982881366568,1.87918087373707
-0.2481993492872,-0.547592576050713,1.50102835315882,0.0913753172011178,-1.15565083348262
1.81197471137245,-0.84582797120097,-0.394922524370789,1.35579551838045,0.388694168326156
-0.348458794371759,0.307336763691124,1.729798990192,0.87904089972131,-1.18935261753359
-0.278168075452674,-1.16345287507104,1.20375978125411,-0.26351313363415,0.685737889203188
-0.29763405889798,-0.680626795401442,-0.374729244982041,0.202604269917018,-1.05113865776611
-0.650795936960504,-0.197051095495988,0.732490114756076,0.49582028496368,0.108207673987957
-0.576672679815579,-0.987681048183642,-0.111391200322696,0.33890516594817,0.777852302486491
-1.92219604319376,0.0670688089334264,0.707617595665629,-1.07176383447029,-1.94517215291881
-1.0754054509497,-0.939765193259894,0.301284499928097,0.223869628376505,0.258658560056685
0.81427300562202,-0.525561768234789,1.56644803826018,0.478230365068874,1.52362155061269
-0.740087599805751,-0.438792342125273,1.2595417685161,-1.30436832501803,0.672102969418039
-1.08058608428191,-1.71925699625555,-1.45425683546937,1.36474658658261,2.41013135628436
-2.43510828623616,-0.0629127087510674,0.337584907323136,-0.558325038729422,-1.79249927079579
2.66099083636688,0.27831929768323,-0.191109244365353,-0.843460858378604,-0.725424906669253
-0.186843812470528,0.72632991748006,-0.673036725467914,0.849314995060742,-1.19273964922601
0.568476572965229,-0.880734918939862,0.133697080525298,2.04801860850106,-1.17456668937794
-1.91578005563177,-2.21811830527602,0.364277742428418,-0.401365729337953,-2.46286567500033
3.10812749606863,1.27688248341126,1.0573991538414,0.0359873862126447,0.0514667655992679
0.658719485632777,0.106204527758369,0.739256686561378,0.259554931923576,0.896377920539197
0.161021172310482,0.130983692412295,0.138457330023291,0.738495178962138,1.19918308430431
-2.30159044470023,0.405811290947561,0.0648064006123645,-2.29513122052711,-0.335447698601811
-0.698900307966965,1.55476541568408,-0.916214049355565,-0.673067965234756,-0.654385888140053
0.226520559976746,0.55610245552376,-0.706832703233851,0.440566929821565,-0.549721906303751
0.792400533902793,-1.51150260303918,-0.572802964272848,0.123811293292668,-2.00029461798499
-0.601048457740273,-0.187505724331045,0.461351986543711,1.00252967663579,-0.345169277698989
2.11741965474821,1.13091151403775,0.665001320236284,0.150336548518406,-1.11578755265766
-0.623662755582623,0.298794825896503,-0.000883580761342817,-2.04336163262769,-1.19877527511398
0.115572355977334,-0.83347779941157,-0.242488432309854,1.22810200505064,-0.893895736299418
-0.815290730193482,-0.0657630437879331,0.533700833090854,-0.393056564320149,-0.0471930052050377
-1.52460222747418,-1.36526406528311,0.917915213656947,-0.24737087187188,-0.581519159784955
-2.70909723202625,-0.58196166266193,-1.09302419768961,0.580127221885284,-0.637688166497288
1.78342011309328,1.21954106521099,0.114074104024049,1.56244571535773,-2.58645472620686
0.31870620066344,-0.240456125337928,0.734973763365869,0.434972611854963,-0.0900116137908712
-1.14145752716266,-0.426130693039374,1.13460559963778,0.189107093074623,-0.838836156404427
0.524766510140818,0.997029051222082,0.259676807832468,0.435437921741567,-0.453191174124197
0.68497207144565,-0.228044091298687,-0.187512646500171,0.0544967440559781,2.54657851379682
0.0237784538144132,0.728232078689447,1.60650103880267,0.542198087115748,-1.70290089064226
1.14585845816535,-0.65948023881289,0.784117247239561,0.0162467387069459,-1.67966922940104
-0.961213001581264,-0.746648398410452,-0.720156226695576,-1.02814986224812,0.365978255263338
-0.88270871718543,0.848894180045749,-0.634624188886661,-0.278721427790666,0.797830260212819
-1.11414411086437,1.21917754311862,0.19308923843716,-0.657627023627468,-0.118665724711032
-1.6025810407436,-0.952561410563201,-1.23203285332045,-0.864835016663997,-0.412269141217322
1.67755520104071,1.15143951041291,0.493272744759698,0.854911869288372,0.545383891917643
-1.17431603538281,2.47395333200938,-0.797399820498456,-1.94768557044283,0.0936264979538375
2.15329520418458,0.103620627834086,1.63117797586517,1.45388776190259,0.338322849968151
-1.09410911563325,-0.657267187716157,-2.16645182992773,-0.292900050002822,-1.12772384720315
1.14524287774242,1.42460512482626,1.32498318640384,-0.8093965059567,-1.751217345678
1.64059159994288,-0.306673805743651,-0.473641072113967,1.53835265313182,1.01477698213413
-0.0389974480036328,1.5349680900888,0.52868452295597,-0.284898927526205,-0.392301402295149
2.27094084433732,-0.495740675478944,3.49024242893642,-0.0473467155089173,-1.03691538277779
-1.79307723826337,-1.23812593160222,0.238268533913878,-0.273552197545201,-0.314251425296961
0.0846765833353136,-0.662683617051998,0.282435740047521,1.43697210024423,1.11323996509672
-0.118530398043708,0.271439536777737,0.590052748725483,-0.662558059973904,0.817080926095316
1.53705391924213,-0.911533686514792,-0.7334031478248,0.537163301432858,2.58054154044885
1.9214374208937,1.44259054031098,0.488758002668529,-0.0126582685424351,-0.0242428818739817
-1.3986166060238,0.812985850518448,-1.06022780886716,0.388643938679611,0.795989669858533
1.63226844285952,0.415590019831561,1.35070645051596,0.419451859550301,1.62828989232446
0.643357692610991,0.557383340988279,0.622469083379661,-1.5027280771185,-0.335664466517623
-2.13571491953308,-0.761590149265296,0.700102600720184,-0.480679184580666,-1.6921044045116
-0.208404508555168,2.14024456349406,0.736706868350482,-0.211749197284718,-0.426899530726369
0.367486120340565,-1.07451145130555,-0.174405610530224,0.320548602600646,0.865633880426242
-0.329845999624566,-1.31925704805899,1.22775880944561,2.24226099139518,1.2610721683978
1.74314214978646,1.27487074157477,0.380086764116156,2.29613211393118,-1.84904915979896
1.70643888840477,0.556007171024259,-0.434479120773049,-0.242357795453786,-1.42096783524973
-0.858398761641417,-0.0618328731088623,0.985455656668263,0.267753849505277,0.319223538554168
0.46978522872405,-0.17632508265445,0.218924839562016,1.44734733141931,-1.33493251234868
1.22112201528828,-0.362826092062194,-0.00619645048716216,-1.82379061417143,0.897287498976168
-0.251830540507651,0.147225550247156,-1.11753473873194,-0.830059291121137,2.24107783031203
0.806127156553981,-0.138605037098101,-0.0702882974930553,1.87782720340694,0.580240147285658
-1.32857540698954,-0.182745175159954,-0.0271575714226146,-2.57405399734718,0.601404540760069
-1.63376646874951,0.101495665275586,-0.786710796946798,0.555796630992268,-0.820709836756277
-0.948181187357503,-1.15461793681671,-0.224723053054207,0.118032573946758,-0.854501399791222
0.864386806703732,0.680522949944766,-1.48729030393892,0.13537384704096,-0.864066345332576
-2.54354582614143,-0.531949542082066,-1.5169460478826,-1.58898246136603,1.10947749474104
0.374646003012455,0.154506515899845,0.875456987150366,0.0789046678379639,-0.814921150224005
-1.78090427136159,-1.21426716753659,-0.688293900738173,-0.0746787358713074,-0.19504531312985
0.542152449182497,1.25652904867971,-0.62396035173147,-1.27579928075376,0.32107294734676
-1.09140011733024,-1.11777750376969,-0.50768744942325,0.449027982912236,0.628489860564136
0.780290172400733,-0.381349475915294,0.222570685647413,0.101216850418881,0.0185257193725922
-0.992774755446975,1.03830488574722,0.617064022787607,0.837827181142619,-1.70821002064227
2.20957613622548,0.445570993331658,2.08760365437969,3.52564746815184,-0.161524672552562
-0.603970618717574,-0.885623700858677,-1.18842099239236,-0.501936173739123,0.172350143006274
0.57872347590102,0.506737820953621,-0.439673114874681,-0.597918958126646,-0.05885616980269
1.28951648017634,0.450119558711349,-1.37997013429007,0.656279169592669,0.122331019744862
-0.0444998908568934,-0.212149558615269,-1.10493472477902,1.03668026784177,-0.486044852910316
-0.222617700584797,-0.329289119498586,0.150063574561875,1.07343633496429,-0.202262732556431
0.451673274688823,2.13493842259937,-0.83342175503867,-0.836698785795183,0.587408865018563
-0.20699086172004,-0.821109024893045,0.221108464786416,-1.006610963067,0.518962094083393
2.03101347667792,0.205030390922315,0.339998617046691,1.53349107520551,-0.00271987910402249
-0.471416988138414,-1.20832414471476,1.06940720444135,-0.630128210221075,-1.22884737441121
-3.07322959247227,-1.84776118028562,0.247749279058008,-0.179048813352696,0.0377303954710364
0.195727149425171,0.962073948162023,-1.14157059822498,2.02546745830607,-0.54596266785972
0.909678211240598,0.34470280523204,1.29621575007701,0.137846904131001,-0.864549402283503
-2.7333784011366,-0.647642482498973,0.62517635702032,-2.06793188165136,-1.24440138912189
1.62162188009418,0.820472813300719,1.29044607014819,0.548854124731316,0.0666602346782169
1.29050506414065,-0.565378656138755,-0.846936823970095,-0.197772930988909,-0.456335266543936
1.52670843364052,0.607909204082888,0.706866667376819,1.5832023357663,-0.0209351048411182
0.322758043960844,0.338898564454784,-0.813755402254076,-0.0023683576930657,-1.01404851969625
1.59046174035041,1.61334257038782,-0.596964625814891,1.25582626329511,-1.24714404559148
-0.661589786034405,-0.542583122177862,1.02845597991079,-0.504360356029263,-0.51063855134094
0.846256307865102,-0.114129343294655,0.632636547448506,-0.736127789091995,-0.635625035505865
2.6548202163443,2.07681531777063,1.18286860546647,0.714497990643893,0.249379846018009
0.838932487313837,0.272278534402071,1.37726354482363,0.728831106077454,-0.846277953763284
1.18846526934432,-0.648367226309069,-0.789483086822476,-0.126205685640552,1.74448095979238
-0.739171967709755,1.25374952069727,-0.0210557144500807,-1.34086345924492,0.406075807628059
-0.417504520370063,1.02099657744112,0.376136137645494,0.068163888041962,-1.81119007550567
-0.921350886776141,-0.852763354202403,-0.996675865798264,1.55133835543267,1.26417628967896
-0.860930462917227,-0.492008518215911,0.497042000898077,0.10130545384698,-0.459709213772653
0.407529981457387,-0.306261879919655,-0.344679499116141,0.000726128468915621,-0.285877867578802
-0.944753822680212,-0.751879602155426,-0.120633269310785,-1.59688641828129,1.45495234730731
1.44136100836786,-0.587167671538271,1.47070209420491,1.28946805771602,2.09888834871473
0.857414138302279,0.793362325208867,0.206949571175418,-0.928383522431911,1.28650325686051
-1.18804706672483,-1.17284836849552,-0.309666108814088,1.47661888390032,0.148871568823016
-0.724917376984698,-1.01215451025819,0.265055545972713,1.35436669022782,-0.600461627426365
1.45786917732868,-0.020700066024034,-0.0471288837837895,-0.246317235721897,-0.305210820260913
2.46673778852348,-0.89819477501651,2.45910989088829,-0.57236119487718,0.137388736409027
-1.81425630937264,-1.6074729334745,-1.48531840337664,0.185189714028443,-0.0758681493876501
-2.29436682261997,0.328486146681204,0.438051926326924,-0.508486269794287,-0.926389249545487
1.91165801329906,-0.297436359219045,1.86999540589492,0.408676229897464,2.10608447914154
0.178940280589406,-0.618492230490008,-0.559559795861222,-0.0752995858123029,-0.248433055891679
-0.80794312848387,-2.84123621033285,-0.948200390642163,-1.5446336083771,0.938531123728185
0.261773214487354,-0.158768966867299,0.163753211620503,-0.781966960150179,0.621134985382569
-1.88528710513541,-0.490164996231951,-1.99512126640768,-0.768806424743076,1.90740351656745
0.793195448843386,0.190577500787444,-0.456763948510026,-0.17181678542445,0.38101446953811
0.0845572879657349,0.223021798430499,-0.530844013712659,-0.756202894490022,0.0691051224696429
-0.546954713148803,-0.554387614902731,-0.576607440956233,-0.891103448502482,-1.93849375478109
0.243376549562535,0.819757945605457,0.542709305173172,-0.585782184416408,0.186743970781895
-1.25269031536234,-0.69825202310922,-0.316553292392433,-1.09257080990033,-1.35223184950476
-1.63066360318832,0.753391363499103,-1.38735252371455,-2.03098471112746,-0.724338184024156
0.474020675175277,-0.939144601152216,0.901294707592438,0.647045656031167,0.0415214658699249
0.304216570043719,0.483169114984366,-0.599005880818787,-1.17282989533211,0.0647185162521137
1.78038325914649,-1.07213853223053,0.419095605020076,1.09138490789963,-0.0731217275495947
-0.786095673045222,-0.360880219428886,0.344432316356583,0.45789867463569,-1.92136982445706
2.31346674935435,0.628171248349239,0.328344680579561,-0.465982693894857,-0.521866492772314
1.33846512125335,0.453025791366056,-0.272030401336311,3.22928285974164,-1.01075970736095
-0.929212264177727,0.829446573512089,0.355863422594449,-2.37620093840682,1.72100837703523
-2.20769937010305,0.291023127763254,0.103558796588782,-0.928855202614047,-1.66092959904959
1.63160942854557,2.6936722388442,0.53711289036011,0.863988141138675,-0.860628298248066
-1.15215544648267,1.01474396157055,-0.293205377902444,0.919807948355312,-1.42397010205252
0.241503617437624,-0.373700937064891,0.490296499265621,0.61950908507979,-0.362677777036646
-1.16482839311684,-1.12411830742372,-0.396985874229344,1.47143693314856,-1.58701317233224
-0.593617853071512,-0.33467450144935,0.266031842476099,0.552001453490384,0.0884746856945745
0.728939324556234,1.40323844194413,-0.464249324624009,-0.367169712571356,-1.15510622766393
-1.05992235515338,-0.255680661547146,-0.785765570457904,-0.946199145378704,1.73815215845612
-0.949083924503248,-0.367824366500087,-0.069220342879417,0.239594899782857,-0.937962642662912
-0.826743962153893,0.445638923142674,-0.840878576634794,0.55101104158323,-1.78243013882658
-0.278739874231301,-0.305962148642691,-0.272518745428567,1.38401778468387,0.215799273146554
0.0481477216461702,0.486729663255308,-0.188084335491498,0.217969612611053,0.384198106426213
-0.681072000782814,0.405702730510128,-1.76625074158369,1.38058343053738,0.806094552262601
1.09962630375603,0.846304168214414,0.716313035492206,-0.823520917638781,-0.562356081355167
0.333681379904825,0.0800827365508461,-0.070554327845035,0.561904603003521,0.941682674259927
-0.193508377870688,1.41762719878119,-0.104842667048446,-0.336932297884049,-0.67639079491926
1.96139684826508,-0.0799347014449866,1.35917661546039,1.51318559912303,-0.714160986393015
1.59642324078118,0.194923419348408,-0.902754326210492,2.06666810984131,1.06628247817347
-0.668871790230744,-0.322867902631337,0.553236089022369,-1.25212928855203,-0.888977092289637
1.6901671152638,-0.06428832608471,-0.29413253017542,0.4561573208782,1.06082366282715
-0.19464001290958,0.736981297359599,-0.745437785411973,-0.82187718580558,0.791402131541834
0.667219037608572,2.50972983749034,-0.698231086991468,0.423091854151708,-0.575074958410666
1.337318150068,-1.60502720703613,-0.0185058489121465,0.534760677721921,-1.13297237528531
1.2236555152746,-0.773596881225056,0.150358569044055,0.757443258755374,1.47569788201057
-0.885734051391415,-0.882387805571346,0.64268358436365,0.0131305228011072,-0.878848808190414
0.759094928145632,-0.92082622221539,-1.6882179685938,0.716685949358807,-0.105940157811341
-0.783288910286265,-0.625395723104286,-1.74133591678715,0.28896058076802,-0.191226073251048
-0.885173075926752,-0.791554409403605,-0.471656762645948,-1.36561334231848,-0.277894693890884
1.85318597444057,0.324213526522536,1.26904645850729,2.15344470473601,0.828960029095424
-2.02861044997634,-0.0222453726976466,-0.338210609997433,0.219630217847997,-0.318625881266059
-0.889248753468953,-1.0746560247576,0.066682321389668,0.216322415806358,-2.08478142144813
-0.432051410483823,-0.430882100096835,-2.19475979309583,-0.511810108973599,0.47617427349099
1.68951281193085,0.660766938481824,0.664926007239605,-0.0788621414662153,-0.16134305352964
1.22541575218466,-1.3164783328409,2.46093826234441,-1.06575076689105,0.62961334391461
-2.4441621232417,-0.065547944023668,-0.760359834548305,-0.0145811646050927,0.11451002865311
0.040394282295346,-0.696949334384152,-1.12138824865664,-0.956081730417613,-0.303587430442425
0.260436030365714,-0.139027350981563,1.20173132244466,0.562227134556158,0.661991863733167
-0.235543015574207,0.121901158883298,1.29534266013985,-0.901223727428137,-0.159871933234788
0.470979647509164,0.202358112899733,-1.05108871966231,0.516108270245995,-1.19617844034711
0.0334189355616768,-1.40480507975823,0.550660582830806,0.0990202207040715,1.28252480502348
-0.0198502463584862,1.32975889788295,0.374021338222556,0.476495302668741,-0.463494371250866
1.00685194789124,0.651676987584584,-1.10880619792868,0.535990834785431,-0.00386289016320107
-0.636418520488487,0.978332188725131,0.891858746100186,-0.0948600185287329,-0.656370515286454
1.43645995867607,0.0337068529109845,-0.217402895431832,2.30597763006686,2.24759686167942
-0.231984330004753,0.535723481142455,0.278142005434,-0.00392844616678903,0.483534621783568
1.96476711379961,0.0672430686111464,0.290286631447412,1.18830297400475,0.46844755072777
0.382241760190513,1.61720253745851,-0.620811006891225,-0.248375477987779,-0.346663103393432
0.178887340286989,0.427270913076592,-0.778727654601728,0.542224919760306,0.278905767985026
-3.11743476136521,-0.196702880880649,0.0441821513556519,-0.415323290362236,0.233814749055888
-0.515129611816537,0.0206128417456052,-0.00113696887171366,-1.28316028056969,-0.558216941075048
0.574785092230385,0.00330092935159298,-0.0843634629251536,-0.414318659747424,0.5205416558548
0.208980650250439,0.689454122895293,-2.60093271035125,-0.0360563153575316,0.277669863947333
1.75886978803206,1.92813783613928,0.350917720833051,0.525675982831858,0.335999985692294
0.520349984724416,-0.700663937204142,-1.53319165471675,0.726784197161024,-0.339999177798332
0.918019351714942,-0.362370227029333,-1.18166981302339,2.79616212315599,-0.292474772938476
0.447784304030952,1.20639396173142,0.254669073307498,-0.849133009683195,1.01273596852253
-0.295194368061568,-0.147777575114517,1.17856534843511,-0.529171818139911,-0.541709692493224
-2.11586259718524,0.395589600168252,-0.753195121358162,-1.89653761989702,0.0155134879736938
-2.90652392005812,-1.6224339000067,-0.404610037455966,-1.5923647753594,-0.667879457591099
-0.234569202755549,-0.0850915404925112,-0.173785307738993,-2.13797243275103,-0.0626612237497729
2.05115233163366,1.38564045336725,0.565436707002873,0.691828936616721,1.78674786876537
0.47496327216517,0.989493666673414,-0.123933041570245,-0.481515886311911,0.573224866307326
-0.523615909582541,-0.938393800493137,-0.600509483508123,1.6253587995134,-0.68945232590434
0.562809110913676,-0.0310992317211581,-0.56888520400788,-0.740780466342439,0.21534362563103
0.339152518886678,-0.162771669913991,-0.351392881533978,0.342608113844789,0.457821960294548
1.90123178026542,1.16681942515762,0.462412995666417,0.523469502150255,1.25448329490976
-0.862472787434072,0.280549920277985,0.647872462589002,-0.406562428567473,-0.0483508555953132
-2.3492796263093,0.926401444817959,1.78574275668776,-1.28730871596755,-2.382087922886
0.0898357717225192,-1.44841574024104,-0.1359724887954,-0.282938961859439,0.92327224695606
1.18288900680237,0.963890547116593,0.442036860278042,0.234596501686184,-0.0424058782018989
1.1972416462466,0.620006687739897,-0.605897299664072,0.964726079217703,-0.247293469706983
-1.42687231283061,-0.731829883314694,-0.2842128896233,0.262650482823386,0.213014909660835
-0.313542080540303,-0.282825577356565,1.84244861994041,1.41302823861794,-0.597270974901334
-1.06093056795082,-0.510379094806091,-0.609636066535717,0.508478239409901,-0.661001735592193
0.155173449260356,0.0971270869532701,0.934880434195234,-0.99321080614184,-0.243039946660652
-0.368719932743904,-0.0952545552200414,-2.80722528537519,0.0620117135286992,-0.731691397617523
-0.142819525665616,0.10133478636614,1.54204363033096,-0.452741425680222,0.228444367052763
1.55365415021489,0.319731726215651,-1.02290938345957,1.16246109976852,2.4664822669638
2.38375287564467,0.578985735190516,1.84857681627073,1.48809288781779,-0.272216485882457
-0.167468103058711,-0.413323871395241,0.325597755339104,-0.116387850466536,-0.152803603216106
1.75927330489273,3.19035804027637,-0.273362816073128,-0.326377255271121,-0.118508678523578
0.99303089391104,-0.602235430385266,0.910968692142612,1.09700079602139,-0.399584720372746
0.913122130642492,-1.14846512866267,1.34906764058239,0.545139635572735,0.986783122791504
-1.2981314321048,-0.273578622677356,0.435599060593395,0.110001773423045,-1.11414631971033
0.45081450728364,1.33373963032765,-0.0616912143315582,0.621390703409931,-0.757558766439364
-0.605162042441631,1.01186623144025,0.105169828732462,1.46841365295948,-0.963712573975322
-0.117243450634244,0.0698020329474664,0.17539548057874,-1.02821649092485,-0.466274620896867
0.497568242542408,-0.966482910151377,2.13875033822959,-0.421813069928909,-0.49334706889474
-1.9240570441272,0.13726565529396,0.318751625178511,-0.800456072418518,-0.888403444755289
-3.34750671328294,-1.21366785911132,-0.209026735031824,-1.95763604186845,-0.835450138298672
-0.810078213708501,-0.159845455991763,0.043727070534944,-0.493416111700198,0.613131215989883
1.17707272418105,1.24860544592118,0.131347980344055,0.0557172457001628,0.559558473928694
0.442960200694281,-1.04866806761687,-0.750707509572029,0.808404611539417,-0.227482987342649
0.426838592104465,-1.22734867133576,0.158573600592635,1.62510270223277,-0.846662624585503
0.777697558482151,-1.96742016834476,0.178374776030955,-0.255779894137804,0.589273209630864
2.31148832785337,-1.26634356314714,0.184876270925921,-0.243298320945139,0.165219450776864
1.79625866981704,-0.0682700842457706,0.0233338233277459,1.30816383273766,2.19220433219798
0.947987474854418,1.1796114261309,-0.0562010629252341,0.100340553643522,1.50286805118256
3.69975151396908,1.11506308124142,2.23960892645628,0.326055225237216,0.73603766478168
-1.03436028643246,-1.01695242854925,-0.652576588121524,0.764556084839258,-2.07289109767581
0.19457974218997,1.10785511095247,0.41523626034396,-1.00069434416858,0.730499634544041
-0.0590817670375343,-1.13137976831067,-0.639936992490352,0.349408545976053,-1.36116493507047
0.0273211828582303,-0.624186307033525,0.941936172438131,-0.544096905675255,1.37715037471208
-0.704834978111271,-0.532117310210748,0.615342947211498,0.0241747945259916,-0.463959625108631
-0.119803778190488,-0.880622210914995,-0.670599620049484,-1.42980854485619,-0.584614351671383
0.0280667821861453,0.215389412205729,-0.470158455724952,0.581849942805663,-1.09675953071125
0.969577135371868,-0.216717603111584,0.693031718123405,0.442181613762679,2.35014558800404
0.544820089645098,-0.00150656227470414,1.29426962857937,0.590718488081477,-0.58477844476588
-2.3835331196277,-0.239220000119795,0.204605612103468,-1.10174810518155,-2.27257540222164
1.2732213532748,0.73007603892611,-1.08281851662705,-0.889859866508987,0.906687331039704
-2.32712674265122,-0.491126028724788,-0.910827961137057,1.37174569494225,-0.0301628568583041
0.918773169351679,-0.973923255233958,0.801852513641476,0.445476286614699,1.18297641937108
-0.473335412498332,-1.31725127319863,1.26713891167898,0.262339562841215,0.0191029605080207
0.0256332309834967,0.474242287869891,-0.278715114684512,-0.747991291530016,0.442436401661031
-1.40591688447652,-0.889565811641429,-0.432047520416877,-0.240371749062327,-1.66953037547365
-0.452159944250519,1.14287027087116,0.182555414497035,0.330007059987934,0.452101612039399
-2.00543194845374,0.914414103433477,-0.9950955146484,0.990191302674674,0.301322957220138
1.64588330743142,-0.642775564142463,0.296543975039465,1.18614469805373,0.331245681556002
-1.48384909028708,-1.83389476981191,-0.0111350921601089,-1.28784378296511,1.26253456428575
-0.535195653975449,0.636211227078412,0.0172735953060951,2.6687656071937,-0.584773875836457
-0.617316512916601,-1.21849134889011,1.03215950607598,0.0312454094545856,-1.12917706261736
0.451992478719952,0.726747204995394,0.371316082099808,0.0096230391565329,0.137633349474267
-0.132447712724742,0.44416292898238,1.18981960082096,-0.745486429330692,0.313816867294196
-1.03262129690399,-0.251741114072008,-0.375462508232459,0.718247621649168,-0.682555906244031
-0.274807193191709,0.814498649345561,0.938668681168361,0.0258019279808131,0.198335630343896
0.495960492760439,-0.402505247580918,0.401761487365909,0.618762746481059,1.56079535299115
-1.0867053204501,-0.0398526872843788,-0.0360670901434762,-0.572030759843371,0.492260178052612
1.2554336760254,0.527315050962241,-0.999656780483935,1.3686716734119,0.206627470443066
1.89316537513904,1.07918906997176,-0.0939386173891961,-0.424222136896778,0.640208485721893
-2.20577923023431,-0.584551891799734,-0.724801636774777,0.535758636623353,-0.0198550592478188
0.222209518912069,-0.507815932405411,0.162404252205478,-1.91346811118461,0.914808399001105
-2.64173862619439,-1.48986029922528,-1.67087773559905,-1.54504393515709,-1.81032327011511
-0.0246182211947699,0.12617668315212,-1.4090934855759,0.754501194214757,0.382487153106161
-0.151590503399397,0.766222524185355,-1.37143664250974,-0.0135239139991789,-1.36726819401793
-0.245484481663217,0.367158376764138,-0.129825947300359,0.799720833919768,-2.31189223785569
-1.01924842235588,0.253474772798355,0.55935363608617,-1.13891876454942,-0.859629003708538
-0.141866733874338,0.271537133495101,-1.32534537986629,0.756982916564713,-1.37465982543981
-1.38807759480169,-0.693025718008471,-0.360537792279139,-2.21270770734297,1.61753463526395
0.914820539949036,0.0374748268023913,0.631092467010589,-0.683188339354812,0.184633424618644
0.435309259359174,0.678125006153167,-0.482585903502244,1.69027330165218,-0.601900239294736
1.61536688067143,0.363071147768198,2.61023240301238,-0.411418683550376,0.927435771932563
0.26564343503768,0.258052348968761,0.787213892892609,0.537196254453543,-1.17358942005709
0.0474447467370872,1.30470262600157,-0.998320130866115,-0.345887785884116,-0.813243536732704
-1.63101560537558,0.847007922580898,-0.527344020251237,-1.67215564626576,0.0260071186683417
0.723350402147255,0.399994037615901,0.847045477493604,-0.944808890586304,0.363845844585972
0.960004939636012,1.63842121915865,-0.375815794784567,1.23601545571794,0.890179304526753
0.911531424218503,-0.63502809229267,-1.54278528315553,1.35697404061796,-0.0916565999782477
0.86821648883419,1.37302970153532,-1.64090454756839,1.04424463790228,1.05970858904138
1.77280518410347,-0.501331136087084,-0.342465518415106,-0.565483285726799,-2.66398006543965
-1.929841800955,0.703550199381475,-1.08752682769899,-0.600406925742427,0.538309350621333
-0.295471132030653,-0.211833756685609,-0.892803962724988,1.11751377230462,-0.0387407966489335
-0.930683211179135,-0.106959536447,-0.126055293745632,-1.17062586873719,-1.29500441019555
0.676429577097629,-0.845121744657168,0.932155024767259,0.855819759160016,-1.58130867335205
-0.0111018573123396,-0.256410201047959,-0.48504455409421,1.40471067385896,-0.417963024289618
0.444893862968473,-1.36427452909324,2.69926151966999,1.30380991776579,-1.56235193668304
0.789487798672637,0.875869586762793,0.134351154282656,0.115845736791929,0.0454364420148303
0.674331941296716,-0.0519760823306595,-0.147731838088844,1.73995915491306,1.53585326934105
1.77054044087197,-0.0390396253636374,1.02612786287214,0.466753894733434,0.180952481107656
1.56049343081768,-1.0451781755201,0.749445258232128,0.70901317986542,-0.846526418992812
-0.825888238691098,0.299781270940661,-1.21147623839791,0.613133883407157,0.578593336449746
-1.75981388580674,-1.30572673013939,-0.863624555543796,-0.366869139712808,-1.56870747491767
0.0897223041081981,0.0658941396619437,0.88939718147265,0.589717929115712,-0.627534248489646
0.460071413644515,0.762070427611794,0.650747761041359,0.643356509530616,-0.100329893258782
0.617146965665818,-1.03044433028218,0.602951237928826,1.39633407956869,-0.115379836893228
0.212532595463698,-0.104829967426051,0.294769162437592,-1.14772777343902,0.662260073198986
1.98507523117822,-0.496393515510512,-0.455985450149255,0.974837288577966,-0.310936678097884
0.319739788243939,0.0227134641821512,-1.9009951289553,1.13792951972495,1.12405632047579
-1.15382907711258,-0.725176604769513,0.296045511529996,0.292495935293133,0.143644213869093
-0.416757499552823,-1.04473987623691,1.20260070347899,1.05637980095986,0.891868240697578
0.454314028811253,-0.773130170516242,1.16476436318706,1.89706215048444,2.02026036592503
0.416483815792153,-0.263935744941763,-0.39474646257133,1.07553167544956,1.00364922476662
-0.859394527092184,-0.844905039190727,-0.986901706495161,-0.422519355436533,0.633448234620376
-0.855786690393488,0.481193811531953,-0.5773733393681,0.2777313098234,-1.13867799291835
0.999812742228437,0.410854511366717,2.53921174677566,0.35002601703483,0.370437791574558
0.245988767099977,1.01078334441963,-0.255237050530169,-0.695642226549604,-1.05556333987067
-0.316664752339017,-1.08637808498154,-0.334273570866527,-1.38187622713793,0.242557256114424
0.51762349810509,1.52879154656745,0.647062341794338,0.605978175131152,-0.0130033120463611
1.84739545897746,0.416826092672821,1.73348063453461,-0.150989610435234,1.45473226383499
0.0532274979214435,0.271102389391463,-0.731895515408596,-0.92515917051913,-1.04894058632677
0.809603882492841,0.784071464810995,-1.74653181715735,1.73772583613711,-1.5947389646628
0.444815290712009,0.0542071685998192,-0.901199695916964,-1.42130622357599,0.152063844466373
-0.677550959791762,-0.526665883302809,0.760338038350028,-1.65537926392248,-0.0202304681779796
-0.159091646325161,-0.0157320496257691,-0.615134500594063,-1.60346430022448,-2.15874547280264
1.8857919006181,0.143259456328062,-0.422991345612815,0.579929899603494,0.258399201515401
1.16880141145942,0.400543861238263,0.0572011412103276,1.17932686295185,-0.390963959630149
-1.2014176964063,0.769242552241674,-0.756235259102626,-0.121846222492966,0.269950493791745
1.58333593077103,0.297708057388938,2.28332758554795,-1.16181769246852,-0.627753379299591
-0.179137743081818,0.281946260081552,1.46372572231813,0.179889671341174,0.167982844308185
2.05359478967157,0.246978162121236,1.14192446275003,-0.0899106251957462,-0.107002992125644
0.388597741165261,0.7120880910282,0.485888651313214,0.853239257731119,-1.31715613677838
3.22332354967168,0.380853730932811,1.57200643458615,0.941225168857785,-0.524389267249748
1.20976635820084,0.951776804660283,-1.2694643273708,0.842036808808634,0.488108756818395
0.672851119281623,-0.7260535669933,0.690289666608608,1.28141080162248,0.0500296015060011
-0.475878027077311,-1.33994444004909,1.86118641236588,-0.164912602476403,0.448160508577984
0.07246226539645,0.731037231382119,-0.489667597206114,-1.12799608223816,0.633214489233159
1.40619492626317,0.963423645027371,-1.68067218542147,-0.823069413919885,2.32858754686478
1.10077575222056,0.321933224806338,0.506158312983738,0.93315796178494,1.31117730302665
0.241078150930779,0.10610857456446,0.952052094231995,0.0791364099719524,0.193322265362805
1.16349320488594,1.82506534943646,-0.571881414488132,0.856666880733492,-0.0493952454561082
2.20673103189983,0.512073370741071,1.09013725602724,0.512690055159294,-0.717463782880807
2.62139870710807,0.538698121849485,1.79325834444298,-0.356935183056578,2.92598065180703
-1.10514887335497,0.887004408504872,1.10098529833796,0.286947277074151,0.480411979093611
1.37703889002251,0.735000985277589,0.928894215454857,1.31752944595589,-0.576527005635179
-0.0337144226982794,-0.314557034377372,1.81584919877592,1.73401494280132,0.235708748492963
-1.188679956364,0.439058661464343,0.244036373681878,0.166237411067862,0.368903609005484
-0.234851872392019,0.101933411909436,0.652398922199516,0.868317705997106,-0.962995207709113
0.340540633610638,-0.207054246453432,1.28223226461412,-0.275066602718305,1.07942834574279
-1.97293572669554,-1.1267812770719,-0.265408044553228,-0.698101808991434,0.416873719809745
-0.378181254890347,-0.363681417053555,-0.278864571143103,0.180809783258003,0.488476170234807
4.82666300019571,2.27939533603182,1.45160687030189,-0.959283113734465,-0.0200459461011162
-0.0303985450983043,0.121240536091384,1.2291256963863,-0.0584791995861069,0.50536422429359
-0.0384915135011729,0.96832172120808,-0.038776126109942,-1.67458323024205,0.641038464686212
2.41764011491078,0.643596291464321,0.923914025013331,0.441241653034948,0.319947722127789
0.193848109124079,1.18049308143545,0.262583739932455,-1.02507704039695,0.396349154192597
-0.247369156964359,-0.109176039425187,0.484363028964298,1.08913576717549,-1.03570295287793
0.327858001887062,-0.510931865276083,-0.338497066508331,0.343054744711052,0.470532128279223
1.74314616177833,1.2704272135759,0.657681406416284,-1.51507947411284,-1.00160311479305
0.0204034503150662,-0.452481272119077,0.118137460208666,-0.133630370377147,-0.49049297807966
1.10303089554665,-1.48036787185215,-0.474893168539236,2.13145034975114,0.468192232977062
0.34295033664285,-0.22560319071436,-1.07365173647101,-0.289636891795161,1.40974902492472
0.2479928383937,-1.48922085667841,1.12667267054198,0.673000952166383,1.50455877881123
0.782699945484759,1.58283978958214,1.65434528594514,-0.35323478956876,-0.667102570836008
0.112301970291475,-0.602515716254633,-0.965484918410846,-0.96251540259495,0.049609740641264
1.27588735204608,0.183458320996531,-0.92326896085368,0.169105150469344,0.12485281487742
-1.22297269894146,-1.60260904011782,0.285280038984379,-2.29312217451767,-0.395443130832683
1.77725968322101,-0.492928956423638,0.902681591979651,0.403695922446205,2.06365761124819
-0.0570499728493344,-0.433125620448803,-0.0540037583528916,-0.677115450885957,0.512889246535035
1.51317910257444,0.654433475857116,0.74378889294318,-0.288884348860783,0.889453299683179
2.38622196787172,0.797103705380087,0.834657947587263,1.04627726698507,0.19141633831812
-1.70010363541128,-0.00835451278129762,-0.903733375852499,1.21431769656647,0.219713538593
0.851085449058816,-0.326610468390682,-0.0896856068835897,0.26136142542801,0.873619859068985
2.18641415536004,1.61630359967836,0.0794756453207756,0.820183515604047,-1.71293110971535
-2.28990203814249,-0.503160057100577,-0.214294967225626,-1.28021866331406,-0.120006059277124
1.27627050319271,-0.194437620763389,1.08416117580307,0.731673627589306,0.720084547244205
0.535097985433373,0.529020793244234,0.0727950218516537,-0.836559438853889,0.25491579557566
1.54146801062325,-0.13108403381204,0.885248516551714,-0.583949165112926,0.237361327575371
0.791157553893738,2.04780704869252,0.273513976535773,-1.60967461219438,-1.05296223729708
-0.365443106245604,-1.35312576537532,-0.626878895888688,-0.355390925261074,-1.00322103744749
0.169979365564574,0.95242114948876,0.09548359455058,0.174235934267726,0.591413117092892
1.46547082561446,-1.82308166123543,-0.559109614819179,-0.119922481155295,-0.63914184892123
-0.537098270907712,0.101701077165502,-0.0532448914117293,-2.58409872508998,0.968459312833839
0.289219489882625,-0.00283042172842021,-1.18368874484974,-1.23261003865287,-0.784236790749332
-0.672522696079378,0.123376053736521,0.131574447586276,0.132347533734379,0.377830903418678
0.379793664017309,-1.87811309375907,2.46210045091172,-0.00902369580256962,0.126948918065517
1.94693978078306,1.87860036887969,1.24858002139121,-2.84827857966031,1.3010221930244
0.695286443356597,1.1662731527866,0.524577745530502,0.338614437250943,0.492822238017917
-0.427342472992524,-0.910285822979522,0.119405651459763,0.3052506446267,0.15754939537801
0.265694565937173,0.507820195985945,0.182332124906925,-1.0760616435838,-0.379847118870685
0.151419438121486,0.265134224040369,0.583286775565575,-0.724614740146485,1.47857343869536
1.09133151710334,-0.326068452012332,0.795999219974861,0.648016638115892,1.60181940339638
1.16456098963003,1.33832700237708,0.624339377195565,0.0840812872425069,0.333680575491037
1.58788034418099,1.21337785217528,0.501824670870301,-0.410517213931281,1.27854543565525
1.54666515776391,0.323092622484135,0.629314254452089,0.0953333825606374,0.627102155607603
-0.136969513074045,-0.787122655275666,0.293673384361521,-0.554392071550605,1.05642525320978
-0.719075051964421,-0.823403741997503,-1.59817711485848,-0.0737368165122528,-0.148826701235772
0.151213320793751,0.497019502022651,1.1846282472956,-0.217605281522121,0.596358971141908
0.969044555154673,1.05766826615764,-1.01947936882788,-0.550637558984023,1.81865855894896
0.911040723999602,-1.20224540564467,2.10905276096028,0.639306580583849,-0.751145561659456
2.69723643909334,1.04590027507628,1.87200438486522,-0.695867070111052,0.327824410839244
-0.953039755666644,-1.17257690299204,0.392194335943423,-0.0931404135450425,-0.830234739874938
0.208175768331303,0.45134083811647,0.153376394295185,1.26885602710884,-0.631576145481
-2.26912282213811,-0.3507394953221,0.136797703047296,0.755853134335568,-1.25012076909309
1.1414459012869,1.02364369272079,-0.17675635134725,-1.34705824307216,1.3862254583857
-0.183113950869809,-0.841443403585818,0.145106146537897,0.691346301557171,-0.0680384125821841
1.57047756266436,1.73988847860869,-0.890180442213931,-0.840237652372239,0.116441632853769
-0.413132791539164,0.226224846998499,0.279178023918306,-0.00921089564247168,-0.320734584108193
-0.639507567614555,-0.313894529437611,-0.230873405369086,0.597404005057087,0.75483790257798
0.736544217384325,0.575971361447105,1.49944005847459,0.323586580223338,-0.228326194579316
-0.220161657901377,1.02818520223867,0.463842360783951,0.295332939244256,-0.0683759915397681
2.0747097408201,0.522703518402367,0.39799177073986,-0.565880048454852,-0.511911854678196
-1.66980769369535,-0.71708769707917,-0.29987991753405,-0.93633743818658,-0.326670656873999
2.67159357194073,1.42352613063372,1.41680457238619,-0.214574604349008,0.398915232253835
0.827855214124048,1.06230226550362,1.51777164187452,-0.18373252657789,-0.128829397075239
0.521094241950691,-0.540820587562625,0.465887748072119,-0.307810351211971,-0.494080239598091
1.29326228848258,0.266649250131481,0.163013558781194,0.590724922427283,0.0569799341797951
1.15187234656529,0.619965102350448,0.819344776409314,1.06263193565964,-1.17357098155158
1.26607661431897,-0.391021178767926,0.611587925098312,0.700164774844365,1.10035273722821
0.209712455305626,0.313702490198071,-0.924851873227429,1.08356937609292,1.34193582881411
0.898683913876833,1.54030740897606,-1.13164427204886,-0.37721857889594,-1.18262053786336
0.405518189515639,-0.509812966976327,-0.345784492198597,-0.278135515370743,-0.0732967269007682
-1.88809935599154,-0.648363416663678,0.484464879328627,-1.85114616501888,0.809775455635556
-0.175350339692822,-0.34888936674444,1.50776645273751,-1.25225395664244,-0.525821558437059
-0.675372674442204,-0.391465784162758,0.805084476199284,-0.372167685435137,-0.0843286337015852
1.14355015330624,1.28078890779534,-0.463688140173741,1.6589045206907,-0.201399613406246
-0.445117461107745,-1.82687687666041,0.0476246165746725,1.05570544216402,0.410674123656235
-1.19565383175343,-1.25866514056955,-1.34246319091347,0.041549282816458,-1.1687541485658
-0.127954052987452,0.655657629038357,-1.776149069195,0.380668326594511,0.152582390273656
0.986543399786268,0.396025257388875,0.34309449957816,0.526817025429641,0.263405584513197
1.37561247310491,1.40378012808984,-0.950380937115655,-0.0334040891161893,1.69462935655957
1.41723051225908,1.48744252551633,0.678771311398355,0.233067282507887,0.742422560448743
-1.83600383940078,-2.58433419403129,0.905693938288643,0.179478968262546,0.322818443079025
1.68874286898075,0.0887999895112033,-0.0424377391710974,0.251738125947906,0.112013631649348
0.46037107155175,1.05984103823091,-0.594458059726648,-0.949762227604943,0.447890807503632
0.204142441330673,-0.1310098939813,0.0289377754667743,2.66760505814391,-0.000495400944908131
-2.55539190539763,-0.943581951918736,-2.12807576371707,-2.26773617610848,-0.744266699370635
-0.796910809726225,-0.553676456328901,-1.7371653928489,-2.2055674045052,0.259370112223991
-0.549109653020851,0.150005518853495,-0.501967739338605,-0.775831147688456,0.0560599106634923
-0.646676701145091,-0.126880188964344,-2.10546965604774,0.223320495753975,0.280773886073936
-0.335907060600516,-0.219600866631832,0.547258013045968,-0.776030978048811,0.478146551053767
-0.0977836437719344,0.257068197446605,-0.735737793037794,0.0559983174379603,-0.417822335958244
-0.943991356595012,0.0807871180183644,0.889892257406258,0.549499077293033,-2.1151740687098
0.936867774398687,-0.114919363670983,0.852449202475123,0.427449862744674,-1.53743911447774
-2.14538511983812,0.604298705512515,0.137515147313344,0.172238318131555,-0.704658245622382
0.174864274539407,0.557900344947022,1.77824121381468,1.90508527723682,-0.286138291245332
2.57353918060476,2.41740825139595,-0.177131596348874,0.402660494977205,0.351957728111117
-1.21561691434879,-1.23286742126542,-1.54504596005298,1.1231168729274,-0.420256906552953
1.75572891739221,-0.350783531026703,1.71913305433979,0.753177180145261,0.230258595743499
0.576667764212739,0.72074947533384,0.54144288838844,-1.1672828197687,0.826289193091624
1.97217414971154,1.86941606087549,1.09186572404585,0.236806440483514,-1.2656816012326
-1.59450731849744,-1.16110280655226,0.788582758451385,-0.429713700407291,-0.940415697590338
1.00901950375564,-0.682457597435435,0.48530617658723,0.435474564721833,0.621711601406436
0.346430046792806,-0.82527197780762,0.133033093828348,-0.919345348441132,-1.13489694856632
-0.70910353243121,0.694564772205637,0.027785357940424,-0.607003016018003,-1.25879423378896
-2.07403276957458,-0.29735515050697,1.90863265083352,0.620014598929258,-0.418385844456617
0.0877433584493695,0.599440445975515,-0.453089925316771,1.36939472501238,-0.193006487780908
-0.0273332179487171,-0.255102415686106,0.548676757755979,1.00611325409406,0.287965078380906
0.844264372483874,0.004523524639846,-0.292906682712477,2.0734049507111,-0.985285029650712
-0.269640122786932,-1.01026273187423,2.41045654595998,1.37291730323433,0.420901666802789
0.251275144450172,-0.267324334330902,0.556182822140339,-1.59644289952176,0.254298443650131
0.500774292295053,-1.42096646645036,1.23178022479058,0.248630012930563,-0.0240978360182144
-0.779665048610225,-0.237071287270219,-0.650981959840177,-0.0289518002511321,-0.675822481510912
1.2338728582703,0.186077131856479,1.08646361156895,0.823918432630514,0.882557760023972
-1.40873385159923,-2.63893211428659,-0.845827323281111,2.14844778993564,0.853682925218049
0.740392502862013,-0.52678516036162,0.704744300710119,-2.27212732423971,1.11947212440984
0.650236482244314,-0.700326890479118,-1.05551018494798,0.83541958647611,-0.496070452083924
-0.143457116647885,-0.89939714190952,-0.732143929180064,0.186370817272217,1.37546969273036
0.813770130211409,2.7650473491334,-1.1537953150328,-0.330942982642994,0.804022945554693
0.228866534359393,1.04848989961755,-1.39682626142413,-0.276110963923313,-0.706016732688047
1.63342768851548,0.222006336991095,-0.243868128719927,0.0472088318895086,0.359340902610268
-1.64563426290513,-0.664173834439302,0.791316303493645,-0.89603029357446,-0.858212631925646
-1.68042851100662,-0.61618752380937,-0.639515373553166,0.575513857490552,0.0261866941913835
-1.49781961592303,1.80091974964395,-3.18737092751084,0.717304719393783,0.102117975580923
-0.29388168565751,0.198565704212791,-0.396186138357285,-0.0453952129353088,1.19337869291673
0.464756447441855,0.147553939003212,0.68599306532679,-0.0938875396576329,0.751479677201729
-0.582431628719296,-0.132566709985463,0.278416934169299,-1.67225346839949,0.778355943619623
1.3978991646036,0.211850356299706,-0.555248713624923,0.352824151881088,1.52421708352624
0.364916791904283,0.377993821142432,-0.538147570866916,-0.307564428438162,0.81951563076584
-0.55407003290883,-1.08767173859572,-0.432390206873809,-0.0480745698958591,-0.50528286293954
2.81823298153017,1.39352302962688,1.74164390695002,-0.272801280662672,-0.623755426882525
-2.30586526830373,-0.956849351725824,-0.410072436690831,-1.00549095658279,-0.47450874139021
-1.83258131380964,0.538376786571912,-0.819415147478767,-0.21751012609549,-0.0240912478355929
-1.01632491438976,-0.750649221506532,-0.848021021677507,-1.21439216375506,0.455194665782525
-0.868220182883857,-0.105235653416609,-0.776973668820907,0.626622985229829,-0.0915206864848981
-0.443392971591319,-0.803332044862847,0.398235744973538,0.275000842156723,-1.79488950366151
-0.137608523306249,-0.100373312718725,-0.36984937109291,0.321070181455802,-0.93877632066526
-0.446637653151716,0.441863103175901,-1.02371305403867,1.89845933458466,-0.51845186714583
-0.136488384104332,0.541476006717514,-1.20029301584432,0.69674835743561,-0.750268781567924
-3.09535819402841,-0.586397670816803,-1.13092158655416,0.898373899922566,-0.799849823522455
0.591197108496418,0.514804413081521,0.215628236850213,-0.995181820034148,-0.00617570245655996
-1.69491049198027,-0.0563714210214573,-0.375302031986575,-1.07581187735692,0.267852572069568
1.34549098338463,-0.930069347663003,1.01873403046279,-0.882995072824771,1.73195499229195
-1.14626998373188,-1.16176048094361,0.136338028210284,-0.992207647332031,0.669953698737429
-4.1409410619124,-2.60575161543472,-1.22655775009481,-0.666938801181262,0.853755655736307
0.497711054655074,1.11060995677928,0.690967557136814,0.157684368481461,-1.85086633361499
0.793737584160463,0.833858921777207,0.769986085603813,1.10220239875864,-1.76535107812277
0.801957914551305,1.14417520787077,1.82250895900592,-1.29691915597178,1.58296276508346
0.425879374297582,0.501372982457713,0.645598841505421,0.468749161954582,0.573046179586898
-1.09855920317196,-0.543829800458844,-0.551797079773303,-0.420220947712987,1.4962025780341
0.833887281229371,0.189832988230364,-0.20430676698673,0.804387652024046,-1.4144502695827
-1.81330740594497,-0.19885392390833,-1.24166789075474,-0.368982592418503,-1.1782791335467
-2.47447523451556,-0.586522124238237,-0.359362436404966,-2.4613982261751,-1.08117059910094
-0.388649954652066,0.0239635091581251,0.647690609607269,1.17075681473053,0.875703023012758
-1.50470329720854,-0.572588341679115,-1.5890670263372,-1.55500000730273,0.234192428208236
-1.04360587924318,0.325010907324466,0.641589760871877,-0.375783314472318,0.0826033209293628
-0.767940047155346,2.0497475410279,-0.816773859734166,-1.17051301092277,0.872290706341478
-0.804459063676603,-0.931572189635344,-0.355554961815443,0.938160651643574,0.129059897791754
-2.15235085944043,-1.10260466946506,-1.04833786828395,-0.187398901581382,0.724824241953218
-0.462073796904114,-1.17623948791444,0.122269574191689,-0.349309610771878,-0.290426783212107
0.778741011051989,-1.38710183779642,-0.432452822796302,-0.21112947662065,0.815106153880127
-0.946597400428643,-1.54514433274758,0.803524501450011,-0.822610379187874,-0.0640914050527454
0.310889752737724,1.04354038611024,0.350528467073345,0.0379211001081742,0.174475681671209
-0.0905199807826597,0.215364235786799,0.172097253984017,0.98903034585938,-1.0625700386149
0.280914205992717,0.58111951667292,0.709864337286102,0.744119195523171,0.88467657376109
-0.0275094731960045,-1.08775189340089,0.989461880521791,1.08066797358138,0.218486108529728
-0.690529409084847,-0.174852226428054,-0.119608116514683,-0.392346078939042,1.09074372513137
0.288291812622106,-0.118596973401876,0.613622410579587,0.217212877883408,-0.432328801378552
1.47231344538745,-0.0154478350330755,0.83916376097739,3.02853924807771,0.304358015742002
-0.230628414100072,-1.81213799844794,1.84439317657231,-0.499325612577752,-0.555241390222887
-0.205675894023328,-0.812970949041526,1.34457620105332,-0.0105623333343632,0.78581495272822
-1.4844198268837,-2.09648779411452,0.550286638178692,-1.14209867234334,-2.15011592282804
-0.296840026662397,0.418755221453771,0.0664201990587128,-0.827818363690134,-0.35684122487404
-1.56131641949863,-0.833127384917772,-1.17317153028626,0.288990661081985,-1.10229985710807
-0.843636161850608,0.641269755615471,-0.570886113359535,0.0599499670963475,-1.31100624945734
0.649555076653023,-0.296969246913286,0.796559747644779,-0.759504831387123,2.18159012237538
-0.890677052223553,-1.27183707760044,-0.259177391015056,-0.849043613302089,-0.306223064090729
0.00509429829800645,0.635932577873563,0.455783079974664,-0.369429660428687,-1.00618063725592
0.742340781841566,-0.0253173339559097,0.313669150749475,-0.311303001679022,1.97035780327174
-1.23236479175033,1.44637135834556,-1.01267208581511,1.01764053589978,0.725362644280054
1.73837139777606,-0.122223784590512,-0.290244802488895,-0.34505573975262,1.91692962679468
-0.480070722704284,1.52662276003928,-0.312185025585093,-0.102644412835053,-1.10908257017269
0.465663345466613,1.36352084585348,-1.22715658581895,-0.570130878303583,0.334297456980299
0.0154378926674898,1.33176464938773,2.07569659583151,0.990979668576349,0.0496287033448935
-0.328955888172909,-1.43619507765743,-1.05714038503293,0.326386662520429,-0.609579922368831
-0.492063019351739,0.284876389484476,-0.503491481533485,-1.03303009674809,0.491218510344529
0.871575937751341,0.284776358747707,0.594204512969816,0.500234041510258,-0.0134391278159932
-0.436522209583489,-0.1059843315138,0.142994766626615,2.38496734309097,0.855133488200232
-0.0199693978627683,-1.05788356786514,0.754588969444144,-0.287602790442102,0.281418828005954
-0.0261308743800841,0.825403163356188,-0.574560116684517,0.86308466549755,0.78129610630138
1.6116433362776,0.95000182910805,-1.1823086866981,0.112303577109448,-1.40468105886943
1.05412022869721,1.35267842308494,0.398534366567981,-0.435275343685901,-0.636158684046703
2.2659274471721,1.32501177252991,2.02586756632154,2.00619409541791,0.162823029355772
-1.75639089041884,0.588545939035842,-1.22831095185321,-0.736417755248471,-1.047823034558
1.09382492250546,-1.60968083662417,0.101958952895673,1.56996688229119,0.0388695618234446
-0.03250453812454,0.844403278483965,-0.944404285229072,0.589561869042979,-2.6733612492959
0.482934743269033,0.489037343804815,-1.13276349332426,0.800472353241244,0.499596603937901
0.265054961796463,-1.32812507803038,1.30325911823147,1.36466502304194,-0.542192612978009
-0.156092297778676,0.138826556415704,-0.816325269316956,-2.30898605644043,0.631058380916179
-0.351587700224859,0.577787936377397,-0.456301293918924,-1.27667902406986,-0.325542358750806
-0.856315571568456,-1.83540769632297,-0.152047212889996,-0.445576917608116,-0.722207207646273
0.758492637875707,-0.497817858750936,0.974062276220321,-0.717787835935395,0.428451387788805
0.502446630877476,0.117182789835795,1.19884942727269,1.66338582673005,-1.27453432016066
-0.518108359083179,-1.3790556936689,-0.800265098751603,0.522027556180309,-0.137289130343879
0.299209705036597,1.5427360101109,-1.25123042522091,-0.141287971978448,0.597455146565157
0.786630275154031,-1.37961927459788,1.27193414615679,-0.360815445034488,0.00415293712258751
-1.1389344651454,0.0439656154155234,-1.28376859452638,0.566117172183986,2.51152784794283
1.18105643488179,-0.460977443859859,1.22057072344939,-1.62557024393848,0.983055945572172
-0.243920644729291,-0.898182806523255,-0.374440921519567,0.436982991750456,0.584945534059659
-1.68922920351727,0.23685029997714,-0.846142922523864,-1.36594843165047,-0.99244669443915
-1.76553811866547,-2.8270849188291,0.27415678911999,0.74658985476402,1.11782906529678
-0.958034556026567,0.789122203662811,0.12806034479189,-1.25264808728771,-1.48689338542342
-0.449898883295464,-0.267726125372091,-1.34297345345699,-0.809524604755772,-1.03298470987181
-1.06144700286869,-0.616207407508381,-1.22871441627021,0.850006351521732,1.40434023827532
0.57221041276783,-0.762313924386719,-0.300338358058674,0.748138997232732,-0.32396821111801
0.239925720603168,-0.57220046110021,-0.380368941904292,1.69486372162973,0.80086952073267
0.00500649061278907,0.746005262949975,-0.0715681112131602,0.24577434187633,-1.62569231646533
1.64362296875845,1.36404014908325,0.782332169862668,2.03462495622254,-0.592037196826404
1.49479318443513,0.849219535802848,1.6401424723153,-0.0284509707615488,0.18608271748343
-0.0701642171598724,-1.42032202754518,-1.20750393765541,0.0889318532365406,-0.0822136529636106
0.151234662721849,-0.212797267719472,1.32291741536353,-0.704470885795713,-0.908400855231533
1.1185083351065,0.520239335255695,0.761384569658266,0.280006067742766,0.356238410682862
0.624285353012565,1.21248251185421,-0.944125024059754,-0.231654916988698,-1.19983308588963
-0.00236218989391512,-1.00584876922252,1.02388922210735,0.662248720649768,-0.990557445527675
0.18589582706542,-1.4535031626657,0.332505834468449,0.141888102318382,-1.0540970999271
-2.06928714629029,-0.88941196551699,-1.85314686337095,-1.07910968743149,-0.398762740019192
-0.349816744747571,-0.577423802845718,-1.09364035548009,-0.383309199382781,0.046988244019777
0.154424214285399,-1.24546882197344,0.0143223911721762,1.50193579322256,0.412014069938201
0.748548496578115,0.831268742515661,-1.0438576834465,0.411535497958665,0.841908906321146
0.110022206270263,-0.00994943863714415,-0.466490551455856,1.91402122834198,-0.1116281184187
-2.91401476970001,-1.18427902202258,-0.543302868502851,0.199829988417124,0.407522436023994
0.0374271328381286,-0.357858237733943,0.702265764562647,1.17920683538469,0.0144469040344317
2.10747432419568,-0.644464587683537,0.764485296935031,-0.120958003378546,0.429688822958712
0.113179654075499,0.533482135329645,-1.77833078622619,0.931735110250906,-1.36087101097738
1.08060135576277,0.144606179816591,-0.115232199237679,-0.903469812671949,-0.145861462764436
0.0307269847203447,-0.443410101896186,-1.5252490551947,0.631258674416652,0.466174005403829
2.32075092744204,2.60116066338656,-0.147921852811197,-0.628378307034523,0.0077208920374548
-1.91080732743714,-2.67390310139809,0.747223862704183,1.29961611613076,-0.400800476732513
-0.300334118834697,-0.459836015983555,-0.823290610091721,-0.586414390883128,0.921972379891127
-3.05632716837142,-0.801024695845831,-1.01120956220097,-0.709440144848536,-0.615275478065095
0.232942104828642,1.33379464131054,0.641204519947871,0.249712185276853,-0.855426437609301
0.977850721805207,1.05238001125905,-0.209598042849267,1.00631755144701,-0.204973110204454
-1.51399764283444,0.118377793018557,-1.17617716534966,1.58478302077157,1.58891598852817
-2.38613654633553,-1.6015395081071,-0.45209201530256,0.593826906026149,-0.0457273270765102
1.31480641579669,1.24053559256787,0.602924338480235,-0.486268002217867,-0.83570010919376
2.10840677441264,2.80698901139945,-0.370463109899999,0.0193354968379804,1.35210979463174
-0.0922957955999116,0.206457399438672,-0.315174122597031,0.776969381370049,0.016202829710748
1.12594630434832,-0.417459579281687,0.163818012437806,3.03208495486458,-0.226827035455936
0.822467814899571,-0.296648825241543,-0.0837860759528588,-1.33612095808372,0.920303034085354
-0.678228152226619,-1.26256242060919,-2.19575145292027,0.266364169643924,-1.06203048083519
-1.00600841412669,-0.485570385696802,0.0959074172694298,0.0634981715172233,-0.609662273247159
-1.19231076222737,-2.56737228119222,1.22997289024044,-1.31798897561043,0.896806444235417
-1.18434180576236,-0.283491288302906,-0.372172406414045,0.0630823293394891,-1.29292789839968
-1.65866836213233,-0.35700991118237,0.119259171689791,-0.713606408722587,-0.0613955103366459
-0.318870645304781,0.516874842209384,-0.640085784382819,0.446157177740001,0.466075339208372
-0.187862805920597,0.256486290901395,0.503325535179915,1.22961314519225,2.05021446258334
0.611656161840076,-0.774677838749015,-0.299552384532315,-0.0824044757100668,0.0812095523245799
0.677210220278185,0.37789293088442,-0.340523237454637,-0.179492879805742,0.357648900827685
-0.860327732832106,-1.03150539991023,2.89746309713417,0.80123615720972,-1.1531638220641
0.0421665436914014,-1.69392127766373,-1.92316282823767,0.779432927430806,1.27505033833404
-2.95369759117624,-0.51478639537532,0.568196291650704,-1.61682588611089,-0.565668482406564
-1.54921488350144,-0.88456226470327,-1.99363327961059,0.412548645244404,-0.764710293624487
-0.720065756663407,-1.50415726818948,0.284527516603976,-0.783107279038361,-0.75282743307308
-0.416931260724926,0.428460470040146,-0.327668047620404,-1.84166510161079,-0.888626356458573
-0.0553717284779629,-0.264392011257354,-0.873425758400332,-1.55456103177389,-1.43736537773134
0.512421378192526,0.093095399161824,1.45508495891807,0.480271057958399,1.26730214308224
1.05975342339492,0.180229025714037,0.690711348694775,-2.69722799008206,0.813700295859228
1.00119182035011,0.760978026942349,-0.182934870690232,0.337105520567919,0.701376088047205
-0.928837734435804,0.0435654598297046,-0.782303174227585,1.76815468718384,-0.179267604775179
-0.97472744996424,0.329976605934456,-0.938757299288731,0.533315823499134,-0.972986195279978
-1.19157524474898,-0.941638353202187,-0.630064855135237,-0.176517558866312,-1.17085445148039
0.962168765447557,-0.876933347888582,1.44946777356979,-0.827555614987929,0.681003540031759
0.448087752344017,0.386333195496577,-0.602568383287064,-0.745179369087101,-0.387082782845687
-0.905016762597346,0.478510961854382,0.315237445153463,1.6774047299268,-2.2681477981462
1.06141649399292,2.36469114712425,-1.62634652531247,-0.717936085579407,0.591706425814583
-1.86776570867783,-0.214729777208319,0.0782533517852852,0.482623753397519,-0.597235014712843
0.103177276514211,1.15163419407003,-0.754314145306382,0.509205812556703,1.15561983518008
0.901618243345777,-0.103083394601365,-0.594653014700224,-1.52069938588099,-0.58910296563501
-3.01749665080274,-1.61340038028949,0.0544241477839103,-0.0360941361973183,0.528241973582264
0.0897794796930446,-0.885955626528712,0.748444893940922,-0.218693953390216,0.449970587785012
2.06506632754901,1.15059639206274,0.818167564339022,0.296576812857097,0.50108571925571
0.357984503576924,0.0707402999891554,0.982895229390161,0.502912917096374,-1.81116395306456
1.02006479368794,1.32096555473862,0.542141433641123,-0.443654272904186,-0.843529160932864
-0.838402037765423,0.991758512761644,0.420953246958765,-0.939703572808749,-0.3376854650468
-3.10077107474694,-1.50119429537405,0.216277004271792,-0.29509083885489,-0.884581745318817
0.919034809806948,0.481548019625073,1.50685589717442,-0.949254735180672,0.172175358243562
-0.903751282791449,1.15962235662315,1.1020899378266,-1.13631806835867,-0.670873493185327
1.45574037682687,0.590199141668022,0.469049652706325,1.69814613191955,-0.048250231413779
-0.175078411111923,0.1712077109164,-0.514358001392399,0.941874308773133,0.66098059264091
0.0934305605722494,0.619069511913335,0.886905361352631,-0.492587386242597,-0.860047688552744
1.03073756281171,1.60367138547431,-0.328849273336311,0.471358447009662,1.57500691425787
0.463792201056471,0.829234229957034,-0.163521052837033,1.48315117465323,-0.735072522645273
0.160259140590867,-0.895453870706762,-0.743563942418559,-0.751076681305652,1.21780090527622
1.16590621424404,-0.575876895565633,-0.326557257274128,-1.68612722778775,0.703251959745585
-0.884574881221027,-1.55700550005273,-0.057374195103381,0.0519907150976279,-1.49457314954902
-2.40589991144537,-1.93025077274178,-1.13514008382218,-0.352246773442664,0.30157928925095
-0.82953753991861,0.963056538342896,-0.585500888117219,-0.247196076215588,-0.268462190067811
-0.356696115816491,0.257819670375554,0.618001660660249,0.290169899188474,0.185671581830533
-0.358380496933188,1.57597467112697,0.569731383112713,-1.42502167019097,1.2503253721427
2.60376626849967,0.809894622250207,0.0989760629894557,-0.718944044463023,2.44480843479012
1.49567588612533,1.6044808594529,0.103180472030773,-0.00164355549444611,0.0790575202389581
0.44237858802839,0.7210287317956,0.023438398882035,0.139013454422685,0.770329036291082
0.368413966301608,0.759439438639227,0.552103178808127,0.375732738813046,0.35314682070962
-0.545810014431369,0.0334961944346395,-1.12349492415392,-0.729048524248445,0.148498984170918
-0.280651009444406,0.56708037870726,-0.470117136268104,0.220834119270662,0.0264924174683611
-0.144804843313548,-3.20491609957758,-0.446475804223328,0.406841816354821,-1.22350580927587
0.768725891302324,-0.904934117164849,-0.151663108174081,-0.0710672999084265,0.726989563277415
-0.633193354572978,-0.53246453346677,-2.06981267745703,-0.660652906517607,-0.0328382446138063
0.198454500422385,0.966118535142764,-0.177991106685011,0.679711527549311,-0.102329206509386
0.926081059901011,1.06181410090793,0.0966717723762785,-1.26973153088218,0.860469914020819
-0.175303415770102,0.386566579420044,-0.422051573287456,0.224157392153996,-0.159160850388417
-1.30168427797296,-0.884399467106001,-0.866350647215117,-1.28338424360611,-0.54304089498135
0.0537321335074332,-0.960026001379101,-1.14228337369683,0.475365454236062,0.955625858877936
0.808577390463825,2.515135940271,0.589435074184515,-0.552882250642121,-1.34124462191049
-0.587724772555506,-1.1738311989519,1.53660460876956,1.87669119546245,-3.84968084437336
-2.87180312363487,-0.982950019635549,-0.43747637479885,-0.881521283120935,-0.84066624413878
-1.18463633788901,-0.596833293356519,-0.919971273302679,0.848646819453166,-2.4670833492274
1.59593867778172,0.695081335788131,0.320462021253991,0.698422018252291,0.759509385188949
0.0367975224922318,0.28091047387896,-1.28987320536227,-1.70134046556071,-0.35601636604772
-0.0427403418584062,-0.154417458035192,-2.98900880747726,-0.0279570459327089,-0.646028717530664
0.965535287434733,-1.44735850327503,1.65827025923766,1.0441488029217,0.821810102892602
-2.77190695593855,-0.634851239827307,-0.27415787399964,-0.565440780878705,-0.287164986743782
-0.146790886015211,-0.0156018673560806,1.42317677851797,-0.927648944460994,1.37490239584071
-0.455917819403857,-1.19421642730913,1.23513225049401,-0.818326719024702,0.815511415810656
2.01907862862366,0.809613127301632,1.86744549226874,0.755154840431335,0.390963866301172
-0.997726154301303,-0.694579188904226,-0.599658766220474,0.253891635107459,-1.19606362696064
-0.714353051965387,0.318274918960503,-0.192502027272966,-0.119834749791992,-1.14156175587951
-1.04248744690331,0.15562329255928,0.872102192262683,-0.640685120566168,-1.10072789846312
-0.792662585214042,0.376917773247401,-0.63578605890917,0.567498946134471,-0.615572304158087
0.976394657051651,-0.134706462205616,-0.800654965227004,-0.106084421029107,0.963292943815715
-1.03106413094231,-0.960150330715748,0.133163851242956,0.203542778490517,-0.615088196197606
1.22036661615683,-0.414701170508152,-0.413421747988147,0.0660939329234161,0.449522863161009
1.37834806818538,1.55521949137441,2.49352649319095,-0.234500688966915,0.162270378730351
0.460486696326334,0.463931446637531,0.933353846742692,-0.46408741418554,-0.182369571593646
-0.579823204602119,0.882206015568078,0.718501484341282,0.422727276231645,0.408142154720403
-0.0744041347865548,-1.20803983463113,0.577314191889442,0.737843888625028,-1.04905984382672
-0.311873854773583,1.45751305127708,-1.40455685728208,-1.10763188179633,-0.152924334857898
-1.7029831793077,0.880422726541528,-0.0471147171704852,-0.652569866455734,0.39579480037596
-1.10991421074744,-0.562100209589981,2.15377028879376,0.496843123320891,-1.12091783413108
0.512212353666717,2.01005140382389,-0.573699376791812,0.899442063932455,0.621180215908147
-3.28828123882519,0.380742138590843,-1.63719155414246,-1.94917441618878,-0.579251253959561
-0.950596744788626,-0.460606074197114,-1.24631159338504,0.825759018692549,1.4662767278989
-0.536733694761153,-1.00479504680052,-0.402897550936565,1.39757917707034,-0.159361233084155
-0.245660838490728,-0.849115800607152,-1.02142306038041,-1.26572985665838,-0.564967695109526
-0.00604989099358796,-0.543929578018109,0.604269623385349,1.3157458171735,0.326539038731166
-0.405437148521571,0.768096214795548,-0.420143137961656,0.341234247926895,1.03886955777996
0.835736179789875,-0.717050639137891,1.55554996526519,0.593341043232552,0.982898666391026
-0.921565827625202,-1.35725634546275,-1.38030636064648,-0.57554801038763,-0.895385608149482
0.650619630482691,2.28425697570983,-0.598399936346542,0.672167204508687,0.879990363641255
0.317463120104281,-1.49387398055789,0.280085293225371,1.34237082546987,-0.732822926122413
1.41122941331788,-1.06275085861594,0.532763554691179,2.44956673603314,-0.841486109547281
-0.893030222857429,-0.588140095496257,-0.483057835207315,-0.322225522110033,-2.10534969469356
-1.8952754493602,-0.0914438569700571,-0.753333969369623,-1.45853875521507,-0.53941843746424
1.720367492171,-0.96471420505242,0.564197593987416,0.458897790808441,-0.172904017461674
2.47233700681335,2.74957823223013,1.94763546731204,-1.27182684379694,1.24708349302779
0.827619308209419,1.05630181848215,-0.404994301445014,0.00557961739131974,2.71597478267288
-0.783211563170199,-1.25595881547391,0.892874549176577,0.860176368626146,-1.54352332842082
1.21057004237899,-0.255481543589811,0.825326413255106,1.46641023664572,0.288492939088098
0.176689769897457,-0.253749388799231,0.96419516344342,-0.121719547905473,0.109145788682525
-1.10108880996171,-2.88649754361579,1.36518565511096,0.251258362197847,0.65994328417433
1.76428968666599,0.634072516798982,1.20762754466433,-1.48676522456721,0.542297971335505
-0.680426426333386,0.917530505514018,0.85197111263744,-3.21583022389399,-0.767638072883093
-0.224841339444172,0.190186410297807,0.837398830060199,-0.278873040091963,-0.172550881135572
0.282612134708732,-0.0322388370968917,0.824679710877366,-1.01975616813197,-1.00781024840358
0.493837228220827,-1.19880903987064,1.41314883586284,0.867680533345585,0.146065148631569
-0.64805868841814,-0.916049446130562,-0.238578419747912,1.80393922792695,-0.113549892505771
0.00151099807087318,1.98040113976687,-0.453917257595338,0.148822323823497,-0.569156716270776
0.659261862294128,0.10116968370727,1.27898605546719,-0.409599443116081,-1.3693926138418
-1.13052935653868,-1.13320879793616,-0.276217134314649,0.956094810236602,-2.68347915337878
0.641671930474072,0.296376743759471,0.663869842662485,-0.00315477781267247,-0.532803030950684
1.79844027379791,-1.18888955152952,1.28166124711795,0.830757995837085,0.527243832696668
-0.436723029803857,0.64829216651326,0.706388332450424,2.17540489382795,-0.455682936438009
0.710518852059832,-1.45354735654386,-0.0920630452208017,-0.402664871382667,1.71852613148269
-0.40848645924328,0.704847521983286,0.162084248594982,-1.64498571456644,0.524231502963059
0.641657020010966,0.105415027349986,0.211727136322855,0.28317906444488,-0.281184710454654
1.12749948293345,0.523218560230767,0.616344398940837,0.556876398661316,-2.37001205625472
0.689139869870118,-0.626026990953543,-0.00161877015695944,0.46960811910218,1.45852721030899
1.0614909314194,1.09609711995294,0.757611492227107,0.0950334120473792,2.18359330273433
0.70132502706827,0.0763552023497868,0.535181588575939,-0.17789565250677,-0.668243727373904
-0.0284298829719402,0.048263459559507,-0.625910714630617,0.172844212590562,-0.722212566195444
1.49326809888917,-1.25807924401257,2.31813626954332,1.51443114171344,0.428067187201903
0.145867823730941,0.68454033460918,0.926248788505948,0.242046202374119,0.33463443727632
1.33522976267071,0.0882120165638236,0.700669684153158,0.249546741353499,-1.18616112165464
0.310376260054923,0.195135172292668,0.0248562973969109,0.794225274653661,-0.453758871419324
0.30972496738885,0.232450601106989,0.715194754185703,0.109871617356963,0.942315201996901
0.507873645934065,-0.581790361394767,1.55173510552783,0.0888029417189616,-0.709165457079669
-0.655378044812786,-0.85052043833139,1.32992679036036,-0.558584304978772,1.25121420124054
2.74014150701832,0.485375428012344,0.0376883837072943,1.36261137138277,-0.150945525535144
0.0410186760025246,-0.801451250862655,-0.327374781659084,-0.50728349960525,0.161220722413792
-0.00593369543574757,-1.06452321529191,1.15234543709275,-0.480720032515543,1.7671838395944
-0.275453546389216,-1.23394786070914,-1.3700371872368,0.00833494742678101,0.162842350261435
2.68049359204603,0.242253578369981,-0.138685761739167,0.235818366787518,2.14882407330762
-1.26344803278452,-0.413676827619415,-0.701123313211317,-1.04722478828696,-1.96973177196983
-1.15122672290057,-1.93906813100688,-1.02078851925645,-0.744923397542392,1.59240439263314
-0.0823195692930836,0.559232350620906,0.68989785300136,1.11629340002008,-0.456359329147695
-1.18357785531771,-1.11750023614992,-0.263892630595449,-0.714493510142996,0.305736214870376
-0.765870468935681,0.198338780739406,0.152426477342424,0.26711229913648,0.0816477317323143
-0.293993178809143,-0.513509729759625,-0.789947642024901,-1.69439377189086,1.34088042837315
0.472667299275634,0.631442761977445,-0.298243452400536,0.292672889493,-0.839125214106265
-0.703275649794074,0.706233126104433,-0.181609942568432,1.60134409395309,-0.995971158085512
0.55882188601884,0.57304357195939,-0.346617836536341,-0.274637733450355,-0.283221476814268
0.178061198007067,-0.651470112120483,-0.0429266590079325,0.180501439909434,1.2129497160621
1.0200803875778,2.70426095480895,1.99367405306002,-0.128729521282973,0.556996994675434
-0.953865791106067,-0.383164174493342,-0.112091490358072,0.482336763780938,0.921545744314684
0.644835462605572,-0.932859534530085,-0.0397835764738349,0.637201630271758,-0.888463017533768
0.381629753674214,0.96432226450074,-1.40959626262584,1.39194947948391,2.17964614249248
-0.173838501467023,0.204661228214918,-0.437768783768667,-0.456756338940815,1.6513928579749
1.32991759858708,-0.509752359123702,-1.3411438681258,1.18176093065064,-0.984808816510504
-1.51634734627498,-1.13466118051003,0.754624656557138,-1.0007904924453,-1.03717632491411
0.429899214693564,0.759150819445024,0.646116999935698,0.0954825345900729,-3.16750922955397
-0.218409501140813,0.863902532594178,0.0357891459008252,-0.969701768734741,-1.92092877780434
0.00559106703879331,0.684375224550812,-0.288429100301404,0.735417095439901,0.660400923686809
-1.08898633205649,-0.280319085650282,-0.662067326676993,-0.715970087659849,0.471168421088234
0.436322243088526,-0.103888301032783,-1.10849624005118,2.39988502403722,-0.366527085225117
-1.90097657857407,-1.468498026252,-1.58840741489961,-1.84455073916873,0.266359282698572
-0.83912477197849,0.768123395681286,0.121300105449546,0.973585477170595,0.907702968815983
1.46820132058792,0.600132894517573,2.52030280519758,0.487560932200886,-2.09640891345838
1.56599595943864,-0.948777676192771,1.66238078659673,1.21459601276522,0.548339372527529
-0.17168451314179,-1.6778325231753,0.728621482723674,0.0793773237565986,-1.004562852279
1.26585794324697,-0.669792965288955,0.887900459419171,0.671831286502706,-0.696381272940634
0.347364653625258,0.534544128310277,0.819641009779922,-0.630353308828558,0.491887681670056
-0.27328709343443,0.501772504377041,1.34478230153657,-0.169544092742017,-1.51683341196516
0.389043515782629,0.403296949470252,-0.623853474733212,-0.622733386718662,-1.08518436530228
-0.935320640108131,-0.0596221413080442,0.66536351415448,-2.1195245127599,0.133760509087125
-1.19406582118043,-0.505211103340811,-1.5742923371351,-1.59733143837007,0.54288557443399
1.78995658212344,-0.238345711363279,1.32276978825662,1.25766599622535,2.47937471172359
2.24214412261388,0.987178231984753,0.231973077139057,0.882674180139811,-0.582572244183677
0.99529670884314,0.37252413198879,-1.11266396072337,0.708932598966481,-0.711674876338517
0.872998769436446,-0.00207961023953751,0.207731100079805,-0.426351588548008,0.812547043345048
-0.91665781756214,-0.0682437703314783,-1.75406462310211,-0.347816437856646,-0.0848712099259347
-1.12742413522127,0.123910742882949,0.200616011804534,-1.08674419271253,0.618986761108354
0.154756141182292,-1.94241409653305,-0.11819378647291,0.399851295192979,1.34513541269997
-0.963348630502768,-0.44117640127396,-0.0598174927849292,0.285217759432704,-1.83572111543475
-0.872303935383459,1.78700878501066,0.0274206587514899,-1.21897254869277,-0.155819622253228
-0.591234503517792,-0.0786574838232512,-0.280872235174571,-0.135688905340227,-0.383797109949344
-0.516787189716328,-0.376669502831766,2.5636407388145,-2.59352423033372,-0.228036790500701
0.617307335704107,-0.908343075115978,-0.00762259978446467,-0.0500686354836895,0.449220851642799
-0.100249135879447,0.477172947695402,-0.288424630809543,0.256205022726302,0.76496576463477
-0.618805367833973,-0.397510876995591,0.555324543818029,-1.05810263234334,-0.258291538898595
0.334306971844601,0.287349846447527,1.35643654046585,-1.13730695651197,-0.709738317848997
-0.728520132922893,-0.491049204079267,0.0191684960656486,1.14957144103708,0.728560739120528
-0.0658563858998207,1.12430809126462,0.0762430629635718,-0.449219262680555,0.565066748378751
0.475632013381112,0.571636152868235,0.0205119018427702,1.7078914090162,-1.96318645987577
-2.26257433951784,-1.20529151763386,0.693147163938003,-0.749326649947495,-0.776477014589456
-0.0173603081273338,0.310926509752587,0.337968063385987,1.09012806942527,0.736825775085158
-0.370089369543628,-2.42973223890207,-0.47453961678642,1.19144039640967,0.754389740736567
1.04485647835066,1.80428887317069,-0.103574315016974,0.272004042547507,0.933417252212615
-2.13543126102109,0.788967832345613,-0.849771919131536,-1.17009935096555,-0.391623527802394
0.173419594113242,0.126992991249111,-0.343841213315824,-0.040450038871142,-0.855358773958216
-0.21063233393326,-1.08682253090064,-0.714630477821896,1.65658493863834,0.0883187937982333
-0.284062265298014,1.40200501064351,-0.567478351344872,-0.525308488205437,-1.58956249636939
-0.245526753273045,-0.559632367152396,1.15419680265141,0.684249562506414,-0.283709649226611
-0.549547611851005,-0.734811985361452,-1.29900973733758,-0.786601527719261,1.32529208375612
1.8582876814844,-1.39062935020458,0.284578695088863,-0.175615994996042,1.30268924312915
0.374859683577988,-1.82738628911419,0.631919144375447,-1.23844061562329,0.590483597885261
0.155946400839876,-0.0744428566292807,-0.146171606166156,-0.6604440530435,-0.981099702906718
2.22774445909841,-0.195914235428115,1.66606105759264,-0.628524821137665,1.02924141034423
-0.921263386935024,0.663977765601181,-0.46821147986062,-0.994944882338823,-0.348874935321686
1.29700127595574,-0.342784330312733,-1.13335026381673,-0.422979208674307,1.35799835308711
-1.79673340156291,-0.620772827290988,0.269582512406631,0.0749129035035481,0.176664976352306
-1.81117166634138,-0.753092951702814,0.394505411258968,-1.20527003529541,1.44898327931915
0.293409900699728,0.650169832306305,-0.605115632414863,-0.441666537293912,0.320916631130584
0.0918447134896922,-1.54578653991652,0.609620523354191,1.29989602070323,0.183464903229298
2.11401275080376,1.87746768655859,-1.31538702822587,1.0969466154117,2.14584011157397
1.10400405912478,0.375057795857239,-0.922377072531122,1.24725148575892,0.453422397186986
-0.777864122674988,0.799577239294687,1.5471353025493,0.760586653142021,-2.05915064863449
0.0946242804114941,-0.0142449307658122,1.25288727091353,-0.17432644870787,1.16724247326236
-0.100066583323389,-0.259140640885482,0.159333087102291,1.5089355257929,-1.55302779236381
-0.878514063395273,-0.147153695746592,-0.318265106253442,-0.979890086419382,0.0151708302597636
0.505630462393117,0.837402728708632,-1.18413295868909,1.49642429611532,-0.42438841522375
-0.637586358587159,-0.555555436934367,-0.888900563033756,0.323499108062063,1.02065864006328
-1.79521372862453,-1.12070360871797,-0.110463810736292,-1.5109671008208,-1.36266705436796
0.453360919210146,2.10084317497974,-0.702104099115244,1.6305932886297,0.0251130078336292
1.57000563817458,-1.49699409214771,0.421288312762065,0.100367599539764,0.704100018072845
-1.02385324055994,-0.683974721650605,-0.840929556521063,0.891248627167383,-1.33542963596066
1.68740324045607,0.21533773993863,-0.0867881776243986,2.14300800037357,0.249952006172759
1.3980925362074,0.719875142593102,-0.290273569622483,-1.24161704773128,1.0347265181193
-0.24710899076887,-1.64316170831825,-0.574898028572093,1.32516872386386,-1.15432291545861
0.293144631546218,0.777225450125125,-0.459914197290769,-0.468022141027897,-0.997442627115911
0.178303956082374,1.58972031245671,-1.61605833380658,0.996864331852775,-0.256422907434277
-2.3059361234472,-1.45580611737185,0.731570368986678,0.707182242475736,0.793867644079199
0.327582135949436,-0.986532725066146,-1.13099676185641,-0.115023697675748,-0.673558594030584
-0.0544274163398062,-1.55285829206043,-1.20086140392686,2.2503228371916,-0.516692530081112
-1.19497435770418,-0.655555944455148,0.334317732100169,-0.0878954279240943,0.897401463160902
-2.09022845544242,0.089266413937188,0.0150389695112566,-1.99140622314672,0.485726191149601
1.68016362358157,0.422866795025779,0.951395851711019,0.162818072868347,-1.15413829499906
-0.795793097902289,-0.5567928352873,0.173038650489675,-1.5423439648015,-0.348315270468525
-0.0943880764542839,-1.04167093950331,1.79452492584509,1.87307810226334,-1.67362327132163
1.23667199554537,1.38737305301896,-0.294239889820331,-0.467942992189974,0.379201739838628
1.08651842608081,0.182943382547899,-0.580771767221349,-0.924272742246503,1.46398109955409
-0.496287079793682,-0.0567604011173859,0.0674996883933573,-0.69008377729676,0.047252530205194
0.826409374917627,0.416686458119839,0.953837532812935,0.750266622239154,0.511920708218026
-1.04078170443004,0.23058454019552,-0.106240373377179,1.68869314248634,-1.89785218490222
-0.650916977863949,0.0523934881187614,-1.66995761514004,-1.23790058698306,-0.6538075139245
-1.50828992060764,-0.391178450707104,-0.567775775345094,-0.777173862197234,0.28678361049303
1.0050743884761,-0.472602350793497,2.17013356731014,-0.231302973068148,0.0030429959400381
-0.611388027547728,-0.357129251357983,0.116472925274852,0.558514469390584,0.137266351305562
1.07537050620309,0.20402322398198,1.11606498009942,1.86437738469976,0.984991961032795
-0.538319066337058,0.021306014389088,0.427726640898316,0.47936293510081,-0.481052885488746
-0.978292174139962,-1.29004475668736,0.101179897231678,1.78715320283601,0.13711473308517
0.0352014900771393,0.659836209628383,-1.23502895455355,0.422070758062715,0.718465154551412
-0.195242536509678,-0.00521787836687154,0.918945449602146,0.562407645626429,0.257428002857289
0.224529985225726,0.645100042434756,-2.02081920824822,-0.203198148687029,0.268363425854055
-0.163681164225923,-2.21776974160916,-0.683720151566898,0.881515310543468,0.862374608567383
-1.20623488809093,-2.3145750615951,0.620309454667132,-1.33125029177947,0.0463376914905011
-0.480117860264455,-0.463605214278644,-0.0339501379089703,-0.480450817817134,-1.81163842490503
-0.872937127004525,-0.313897326415076,-1.11150337820414,-1.38758278475821,-0.232359964269387
-1.12255023850691,-1.20017831725989,-0.0701808022283699,-1.41917162437122,-0.205607520499129
-1.17769179520291,-0.92508594408853,-1.83058793140421,2.08541719927488,-2.45958282588221
-0.982099483367861,0.499227198681071,0.552528463797765,1.26068538552516,-0.852081806013013
2.27416467932901,1.95254287121623,2.07690401648519,0.638960308119195,0.939991294806416
-0.93244432779159,-0.8231633750584,-1.11675905651008,-0.160996182349175,-0.55729959495534
3.66169395443,0.187196412190346,1.55060341114596,1.24824581584675,0.510023860293431
-0.912147015350763,0.0367943697845693,-0.49647314660906,-0.810871396242896,-0.911319114153761
0.946604045556226,-0.62276012227094,0.368573181202106,0.736809521301343,-0.0312585847348262
-0.554969672232516,-0.0484332368404161,-1.4676946067367,0.983651240106144,-0.600885264712955
0.202975957188055,1.24906773892437,-1.76620075769687,0.277683810174899,-0.374506969692837
0.953608834168092,-0.74241633497636,1.41957554302778,0.147331354404703,-1.20492694287263
0.0299117372395566,0.645359222781199,0.150265731930155,-0.354922065690402,-0.551404729038838
-1.22777269538411,-2.35953557703389,0.509767529615444,0.307445171323619,-1.12527493651642
1.70257352199239,1.97318990797774,1.09712239071426,-0.121991039291486,-0.453676909441492
-2.23249396524205,-0.0619936003846475,-0.0173291790608139,-1.08630866055535,0.209886221787706
-1.37726035441003,-0.777650588550527,-0.206981102309217,1.94330073306927,0.110783008951116
-0.171129472533057,-0.347024130505866,0.68797954815936,0.768782887871549,-0.649159873944397
-1.25872638197715,0.240182856620526,-1.74737717222136,-0.35943295111493,-0.849188970149952
0.054160359101579,0.897358771239518,0.821872428136626,1.24491757359268,-0.984797519669911
-0.801090485776008,-0.284333511511184,1.06861595896961,-1.36707249211497,0.233851433964752
-0.896608802803704,0.265435215888319,1.35063429812938,-0.831650666026598,-0.230393192945962
-2.15045944951547,-1.08230193662575,0.0612018867013958,-1.90295446850975,-1.09940496358637
1.11024466955994,1.92817251883446,-0.203432024543117,-0.0994971877883573,-0.0840206468244623
0.227582747321416,-2.27002696814516,-0.54868090803605,0.426353510990473,-0.0867658672578184
0.513988824547207,-1.29988624058493,-0.54458137863966,1.99982915370386,-0.32652123769813
-0.0242226085437804,0.021703775515255,0.57452313829487,-0.82575030406467,0.0273252913759268
-1.37362230197558,-0.565733707073443,-0.436769830604554,0.656659679674612,-0.595248931613556
1.28687429090823,1.33223809859751,2.2541410991052,1.39585031855198,-0.799023680831828
-0.159473449273396,1.96908208737035,0.0620310772427348,-1.30596181765315,-1.03518702968742
0.472424883319464,-0.989192016765335,0.832107326265779,1.13193806632317,-1.30641730671733
0.670955110213791,-0.929490484484841,1.43600441031476,1.10386633792266,-0.206232411999608
-0.413185536594271,1.84186690696915,1.99874912153721,0.964147772079298,-0.748822357857013
-2.56509446953311,-1.25565196119064,-0.401562054177475,-0.134845819835964,-2.68352712222577
0.283354037071522,1.19960929955032,-0.366156180755737,1.57559987939443,-1.91684247263099
-1.44911057864208,0.588899041938667,-1.13173157810418,-1.46735482610025,0.253299496458268
-1.09192831326662,-0.953643731619142,-0.561358451221707,0.350179420634204,-0.0163700353298801
-1.73213214039621,-1.9659179861942,0.496251197143497,-1.09194672150203,0.182425519999453
2.97948688220232,2.09320201317246,0.585819727345275,0.572053500977656,1.19857012759329
